"Time","Sensor SHT20","Sensor BMP280"
2021-08-10 00:00:00,24.87,25.98
2021-08-10 00:01:00,24.805,25.939999999999998
2021-08-10 00:02:00,24.75,25.9
2021-08-10 00:03:00,24.69,25.86
2021-08-10 00:04:00,24.64,25.83
2021-08-10 00:05:00,24.58,25.79
2021-08-10 00:06:00,24.54,26.56
2021-08-10 00:07:00,24.49,25.89
2021-08-10 00:08:00,24.45,25.72
2021-08-10 00:09:00,24.4,25.65
2021-08-10 00:10:00,24.34,25.6
2021-08-10 00:11:00,24.32,25.56
2021-08-10 00:12:00,24.3,25.52
2021-08-10 00:13:00,24.24,25.47
2021-08-10 00:14:00,24.2,25.44
2021-08-10 00:15:00,24.16,25.39
2021-08-10 00:16:00,,
2021-08-10 00:17:00,24.06,25.3
2021-08-10 00:18:00,24.03,25.25
2021-08-10 00:19:00,23.97,25.19
2021-08-10 00:20:00,23.89,25.11
2021-08-10 00:21:00,23.86,25.07
2021-08-10 00:22:00,23.81,25.01
2021-08-10 00:23:00,23.79,24.97
2021-08-10 00:24:00,23.75,24.94
2021-08-10 00:25:00,23.72,24.89
2021-08-10 00:26:00,23.67,24.87
2021-08-10 00:27:00,23.6,24.83
2021-08-10 00:28:00,23.55,24.81
2021-08-10 00:29:00,23.5,24.77
2021-08-10 00:30:00,23.44,24.72
2021-08-10 00:31:00,23.41,24.67
2021-08-10 00:32:00,23.37,24.64
2021-08-10 00:33:00,,
2021-08-10 00:34:00,23.35,24.59
2021-08-10 00:35:00,23.285,24.54
2021-08-10 00:36:00,23.24,24.49
2021-08-10 00:37:00,,
2021-08-10 00:38:00,23.18,24.43
2021-08-10 00:39:00,23.1,24.37
2021-08-10 00:40:00,23.03,24.31
2021-08-10 00:41:00,22.97,24.25
2021-08-10 00:42:00,22.93,24.21
2021-08-10 00:43:00,22.88,24.17
2021-08-10 00:44:00,22.86,24.13
2021-08-10 00:45:00,,
2021-08-10 00:46:00,22.8,24.03
2021-08-10 00:47:00,22.76,23.97
2021-08-10 00:48:00,22.72,23.93
2021-08-10 00:49:00,22.68,23.89
2021-08-10 00:50:00,22.65,23.85
2021-08-10 00:51:00,22.63,23.8
2021-08-10 00:52:00,22.6,23.75
2021-08-10 00:53:00,22.57,23.71
2021-08-10 00:54:00,22.52,23.65
2021-08-10 00:55:00,22.51,23.61
2021-08-10 00:56:00,22.5,23.58
2021-08-10 00:57:00,22.48,23.55
2021-08-10 00:58:00,22.44,23.53
2021-08-10 00:59:00,22.4,23.5
2021-08-10 01:00:00,22.38,23.46
2021-08-10 01:01:00,22.34,23.43
2021-08-10 01:02:00,22.32,23.4
2021-08-10 01:03:00,22.29,23.37
2021-08-10 01:04:00,22.27,23.35
2021-08-10 01:05:00,22.26,23.32
2021-08-10 01:06:00,22.21,23.29
2021-08-10 01:07:00,22.2,23.26
2021-08-10 01:08:00,22.15,23.22
2021-08-10 01:09:00,22.11,23.18
2021-08-10 01:10:00,22.09,23.15
2021-08-10 01:11:00,22.07,23.11
2021-08-10 01:12:00,22.06,23.08
2021-08-10 01:13:00,22.04,23.06
2021-08-10 01:14:00,21.99,23.03
2021-08-10 01:15:00,21.97,23.01
2021-08-10 01:16:00,21.93,22.98
2021-08-10 01:17:00,21.88,22.96
2021-08-10 01:18:00,21.87,22.96
2021-08-10 01:19:00,21.83,22.92
2021-08-10 01:20:00,21.82,22.91
2021-08-10 01:21:00,21.8,22.89
2021-08-10 01:22:00,21.79,22.89
2021-08-10 01:23:00,21.82,22.88
2021-08-10 01:24:00,21.8,22.87
2021-08-10 01:25:00,21.78,22.86
2021-08-10 01:26:00,21.76,22.86
2021-08-10 01:27:00,21.75,22.86
2021-08-10 01:28:00,21.75,22.85
2021-08-10 01:29:00,21.76,22.84
2021-08-10 01:30:00,21.75,22.83
2021-08-10 01:31:00,21.73,22.8
2021-08-10 01:32:00,21.72,22.79
2021-08-10 01:33:00,21.69,22.77
2021-08-10 01:34:00,21.68,22.75
2021-08-10 01:35:00,21.66,22.73
2021-08-10 01:36:00,21.65,22.71
2021-08-10 01:37:00,21.63,22.67
2021-08-10 01:38:00,21.595,22.634999999999998
2021-08-10 01:39:00,21.55,22.59
2021-08-10 01:40:00,21.53,22.54
2021-08-10 01:41:00,21.5,22.5
2021-08-10 01:42:00,21.47,22.47
2021-08-10 01:43:00,21.45,22.42
2021-08-10 01:44:00,21.44,22.39
2021-08-10 01:45:00,21.42,22.35
2021-08-10 01:46:00,21.37,22.32
2021-08-10 01:47:00,21.35,22.28
2021-08-10 01:48:00,21.32,22.26
2021-08-10 01:49:00,21.29,22.22
2021-08-10 01:50:00,21.24,22.19
2021-08-10 01:51:00,21.2,22.15
2021-08-10 01:52:00,21.19,22.13
2021-08-10 01:53:00,21.17,22.09
2021-08-10 01:54:00,21.14,22.05
2021-08-10 01:55:00,21.1,22.02
2021-08-10 01:56:00,21.07,22
2021-08-10 01:57:00,21.06,21.98
2021-08-10 01:58:00,21.04,21.97
2021-08-10 01:59:00,21.02,21.95
2021-08-10 02:00:00,20.94,21.93
2021-08-10 02:01:00,20.91,21.91
2021-08-10 02:02:00,20.9,21.9
2021-08-10 02:03:00,20.88,21.89
2021-08-10 02:04:00,20.85,21.87
2021-08-10 02:05:00,20.8,21.85
2021-08-10 02:06:00,20.79,21.84
2021-08-10 02:07:00,20.79,21.84
2021-08-10 02:08:00,20.76,21.83
2021-08-10 02:09:00,20.74,21.82
2021-08-10 02:10:00,20.74,21.82
2021-08-10 02:11:00,20.72,21.805
2021-08-10 02:12:00,,
2021-08-10 02:13:00,20.630000000000003,21.795
2021-08-10 02:14:00,20.6,21.79
2021-08-10 02:15:00,,
2021-08-10 02:16:00,20.51,21.76
2021-08-10 02:17:00,,
2021-08-10 02:18:00,20.44,21.73
2021-08-10 02:19:00,20.42,21.72
2021-08-10 02:20:00,20.42,21.7
2021-08-10 02:21:00,20.4,21.69
2021-08-10 02:22:00,20.35,21.66
2021-08-10 02:23:00,20.32,21.64
2021-08-10 02:24:00,20.3,21.63
2021-08-10 02:25:00,20.29,21.6
2021-08-10 02:26:00,20.28,21.58
2021-08-10 02:27:00,20.28,21.55
2021-08-10 02:28:00,20.28,21.520000000000003
2021-08-10 02:29:00,,
2021-08-10 02:30:00,20.2,21.48
2021-08-10 02:31:00,20.18,21.45
2021-08-10 02:32:00,20.15,21.43
2021-08-10 02:33:00,20.14,21.41
2021-08-10 02:34:00,20.14,21.39
2021-08-10 02:35:00,20.12,21.38
2021-08-10 02:36:00,20.1,21.36
2021-08-10 02:37:00,20.05,21.34
2021-08-10 02:38:00,20.04,21.33
2021-08-10 02:39:00,20.03,21.32
2021-08-10 02:40:00,20.035,21.305
2021-08-10 02:41:00,,
2021-08-10 02:42:00,20.02,21.29
2021-08-10 02:43:00,20.02,21.28
2021-08-10 02:44:00,20,21.28
2021-08-10 02:45:00,19.99,21.27
2021-08-10 02:46:00,19.97,21.26
2021-08-10 02:47:00,19.96,21.25
2021-08-10 02:48:00,19.92,21.24
2021-08-10 02:49:00,19.91,21.23
2021-08-10 02:50:00,19.89,21.22
2021-08-10 02:51:00,19.86,21.2
2021-08-10 02:52:00,19.85,21.18
2021-08-10 02:53:00,19.83,21.17
2021-08-10 02:54:00,19.81,21.15
2021-08-10 02:55:00,,
2021-08-10 02:56:00,19.77,21.13
2021-08-10 02:57:00,19.73,21.11
2021-08-10 02:58:00,19.71,21.09
2021-08-10 02:59:00,19.67,21.06
2021-08-10 03:00:00,19.665,21.035
2021-08-10 03:01:00,19.62,21
2021-08-10 03:02:00,19.6,20.98
2021-08-10 03:03:00,19.61,20.96
2021-08-10 03:04:00,19.61,20.93
2021-08-10 03:05:00,19.58,20.91
2021-08-10 03:06:00,19.57,20.9
2021-08-10 03:07:00,19.54,20.88
2021-08-10 03:08:00,19.46,20.85
2021-08-10 03:09:00,19.43,20.82
2021-08-10 03:10:00,19.42,20.78
2021-08-10 03:11:00,19.4,20.76
2021-08-10 03:12:00,19.4,20.72
2021-08-10 03:13:00,19.38,20.69
2021-08-10 03:14:00,19.36,20.65
2021-08-10 03:15:00,19.305,20.585
2021-08-10 03:16:00,19.25,20.53
2021-08-10 03:17:00,19.22,20.49
2021-08-10 03:18:00,19.2,20.44
2021-08-10 03:19:00,19.18,20.4
2021-08-10 03:20:00,19.21,20.36
2021-08-10 03:21:00,19.18,20.33
2021-08-10 03:22:00,19.12,20.31
2021-08-10 03:23:00,19.06,20.25
2021-08-10 03:24:00,18.99,20.21
2021-08-10 03:25:00,18.96,20.17
2021-08-10 03:26:00,18.93,20.14
2021-08-10 03:27:00,18.89,20.09
2021-08-10 03:28:00,18.83,20.05
2021-08-10 03:29:00,18.79,19.990000000000002
2021-08-10 03:30:00,18.78,19.94
2021-08-10 03:31:00,18.73,19.89
2021-08-10 03:32:00,18.7,19.85
2021-08-10 03:33:00,18.68,19.81
2021-08-10 03:34:00,18.59,19.79
2021-08-10 03:35:00,18.59,19.76
2021-08-10 03:36:00,18.54,19.73
2021-08-10 03:37:00,18.49,19.69
2021-08-10 03:38:00,18.48,19.65
2021-08-10 03:39:00,18.43,19.63
2021-08-10 03:40:00,18.41,19.61
2021-08-10 03:41:00,18.42,19.59
2021-08-10 03:42:00,18.41,19.58
2021-08-10 03:43:00,18.39,19.564999999999998
2021-08-10 03:44:00,18.37,19.56
2021-08-10 03:45:00,18.39,19.55
2021-08-10 03:46:00,18.34,19.55
2021-08-10 03:47:00,18.32,19.55
2021-08-10 03:48:00,18.32,19.55
2021-08-10 03:49:00,18.28,19.56
2021-08-10 03:50:00,18.26,19.55
2021-08-10 03:51:00,18.25,19.53
2021-08-10 03:52:00,18.26,19.53
2021-08-10 03:53:00,18.29,19.54
2021-08-10 03:54:00,18.29,19.55
2021-08-10 03:55:00,18.28,19.55
2021-08-10 03:56:00,18.27,19.56
2021-08-10 03:57:00,18.26,19.56
2021-08-10 03:58:00,18.25,19.55
2021-08-10 03:59:00,18.17,19.545
2021-08-10 04:00:00,18.09,19.52
2021-08-10 04:01:00,18.03,19.5
2021-08-10 04:02:00,17.97,19.46
2021-08-10 04:03:00,17.94,19.44
2021-08-10 04:04:00,17.91,19.41
2021-08-10 04:05:00,17.92,19.38
2021-08-10 04:06:00,17.91,19.36
2021-08-10 04:07:00,17.91,19.34
2021-08-10 04:08:00,17.88,19.32
2021-08-10 04:09:00,17.8,19.3
2021-08-10 04:10:00,17.76,19.27
2021-08-10 04:11:00,17.78,19.25
2021-08-10 04:12:00,17.78,19.23
2021-08-10 04:13:00,17.78,19.23
2021-08-10 04:14:00,17.770000000000003,19.225
2021-08-10 04:15:00,17.74,19.21
2021-08-10 04:16:00,17.7,19.19
2021-08-10 04:17:00,17.66,19.19
2021-08-10 04:18:00,17.63,19.14
2021-08-10 04:19:00,17.63,19.12
2021-08-10 04:20:00,17.61,19.1
2021-08-10 04:21:00,17.56,19.07
2021-08-10 04:22:00,17.54,19.06
2021-08-10 04:23:00,17.53,19.04
2021-08-10 04:24:00,17.53,19
2021-08-10 04:25:00,17.51,18.97
2021-08-10 04:26:00,17.47,18.94
2021-08-10 04:27:00,17.46,18.93
2021-08-10 04:28:00,17.44,18.89
2021-08-10 04:29:00,17.4,18.87
2021-08-10 04:30:00,17.35,18.83
2021-08-10 04:31:00,17.3,18.81
2021-08-10 04:32:00,17.22,18.8
2021-08-10 04:33:00,17.17,18.76
2021-08-10 04:34:00,17.17,18.74
2021-08-10 04:35:00,,
2021-08-10 04:36:00,17.19,18.7
2021-08-10 04:37:00,17.15,18.7
2021-08-10 04:38:00,17.11,18.67
2021-08-10 04:39:00,17.08,18.63
2021-08-10 04:40:00,17.05,18.61
2021-08-10 04:41:00,17.03,18.59
2021-08-10 04:42:00,17.03,18.56
2021-08-10 04:43:00,17.04,18.55
2021-08-10 04:44:00,17.04,18.54
2021-08-10 04:45:00,16.990000000000002,18.525
2021-08-10 04:46:00,16.94,18.5
2021-08-10 04:47:00,16.94,18.48
2021-08-10 04:48:00,16.91,18.46
2021-08-10 04:49:00,16.94,18.45
2021-08-10 04:50:00,16.9,18.44
2021-08-10 04:51:00,16.87,18.42
2021-08-10 04:52:00,16.86,18.39
2021-08-10 04:53:00,16.82,18.36
2021-08-10 04:54:00,16.82,18.35
2021-08-10 04:55:00,16.82,18.34
2021-08-10 04:56:00,16.77,18.33
2021-08-10 04:57:00,16.75,18.29
2021-08-10 04:58:00,16.73,18.27
2021-08-10 04:59:00,16.685000000000002,18.235
2021-08-10 05:00:00,16.63,18.2
2021-08-10 05:01:00,16.62,18.17
2021-08-10 05:02:00,16.6,18.14
2021-08-10 05:03:00,16.6,18.12
2021-08-10 05:04:00,16.57,18.1
2021-08-10 05:05:00,16.56,18.07
2021-08-10 05:06:00,16.55,18.06
2021-08-10 05:07:00,16.56,18.03
2021-08-10 05:08:00,16.56,18.02
2021-08-10 05:09:00,16.6,18.02
2021-08-10 05:10:00,16.6,18.01
2021-08-10 05:11:00,16.58,18.01
2021-08-10 05:12:00,16.57,18
2021-08-10 05:13:00,16.57,17.99
2021-08-10 05:14:00,16.53,17.97
2021-08-10 05:15:00,16.48,17.95
2021-08-10 05:16:00,16.47,17.92
2021-08-10 05:17:00,16.44,17.9
2021-08-10 05:18:00,16.45,17.89
2021-08-10 05:19:00,16.43,17.87
2021-08-10 05:20:00,16.4,17.85
2021-08-10 05:21:00,16.39,17.83
2021-08-10 05:22:00,16.4,17.83
2021-08-10 05:23:00,16.4,17.82
2021-08-10 05:24:00,16.39,17.82
2021-08-10 05:25:00,16.41,17.82
2021-08-10 05:26:00,16.37,17.81
2021-08-10 05:27:00,16.34,17.8
2021-08-10 05:28:00,16.36,17.8
2021-08-10 05:29:00,16.31,17.79
2021-08-10 05:30:00,16.25,17.75
2021-08-10 05:31:00,16.25,17.73
2021-08-10 05:32:00,16.2,17.73
2021-08-10 05:33:00,16.2,17.7
2021-08-10 05:34:00,16.18,17.68
2021-08-10 05:35:00,16.17,17.66
2021-08-10 05:36:00,16.13,17.63
2021-08-10 05:37:00,16.07,17.61
2021-08-10 05:38:00,16.06,17.58
2021-08-10 05:39:00,16.04,17.56
2021-08-10 05:40:00,,
2021-08-10 05:41:00,15.95,17.48
2021-08-10 05:42:00,15.91,17.47
2021-08-10 05:43:00,15.89,17.405
2021-08-10 05:44:00,,
2021-08-10 05:45:00,15.864999999999998,17.325
2021-08-10 05:46:00,15.84,17.28
2021-08-10 05:47:00,15.83,17.25
2021-08-10 05:48:00,15.84,17.22
2021-08-10 05:49:00,15.83,17.19
2021-08-10 05:50:00,15.81,17.16
2021-08-10 05:51:00,15.8,17.15
2021-08-10 05:52:00,15.78,17.13
2021-08-10 05:53:00,15.8,17.11
2021-08-10 05:54:00,15.78,17.09
2021-08-10 05:55:00,,
2021-08-10 05:56:00,15.8,17.08
2021-08-10 05:57:00,15.78,17.07
2021-08-10 05:58:00,15.74,17.06
2021-08-10 05:59:00,15.71,17.05
2021-08-10 06:00:00,15.715,17.03
2021-08-10 06:01:00,15.72,17.02
2021-08-10 06:02:00,15.72,17.02
2021-08-10 06:03:00,15.72,17
2021-08-10 06:04:00,15.73,17
2021-08-10 06:05:00,15.72,17
2021-08-10 06:06:00,15.7,16.99
2021-08-10 06:07:00,15.68,16.98
2021-08-10 06:08:00,15.66,16.96
2021-08-10 06:09:00,15.67,16.95
2021-08-10 06:10:00,15.68,16.95
2021-08-10 06:11:00,15.68,16.95
2021-08-10 06:12:00,15.68,16.95
2021-08-10 06:13:00,15.67,16.94
2021-08-10 06:14:00,15.684999999999999,16.945
2021-08-10 06:15:00,15.7,16.94
2021-08-10 06:16:00,15.7,16.95
2021-08-10 06:17:00,15.71,16.95
2021-08-10 06:18:00,15.71,16.96
2021-08-10 06:19:00,15.71,16.97
2021-08-10 06:20:00,15.71,16.98
2021-08-10 06:21:00,15.71,16.98
2021-08-10 06:22:00,15.7,16.99
2021-08-10 06:23:00,15.72,17
2021-08-10 06:24:00,15.72,17.02
2021-08-10 06:25:00,,
2021-08-10 06:26:00,15.68,17.01
2021-08-10 06:27:00,15.7,17.01
2021-08-10 06:28:00,15.68,17.01
2021-08-10 06:29:00,15.695,17.02
2021-08-10 06:30:00,15.71,17.03
2021-08-10 06:31:00,15.71,17.03
2021-08-10 06:32:00,15.68,17.04
2021-08-10 06:33:00,15.67,17.04
2021-08-10 06:34:00,15.68,17.03
2021-08-10 06:35:00,15.69,17.04
2021-08-10 06:36:00,15.69,17.03
2021-08-10 06:37:00,15.68,17.03
2021-08-10 06:38:00,15.68,17.03
2021-08-10 06:39:00,15.67,17.03
2021-08-10 06:40:00,15.69,17.04
2021-08-10 06:41:00,15.66,17.03
2021-08-10 06:42:00,15.63,17.03
2021-08-10 06:43:00,15.64,17.025
2021-08-10 06:44:00,15.6,17.02
2021-08-10 06:45:00,15.58,17.01
2021-08-10 06:46:00,15.6,17.01
2021-08-10 06:47:00,15.62,17.02
2021-08-10 06:48:00,15.63,17.03
2021-08-10 06:49:00,15.63,17.02
2021-08-10 06:50:00,15.59,17.02
2021-08-10 06:51:00,15.58,16.99
2021-08-10 06:52:00,15.57,16.98
2021-08-10 06:53:00,15.54,16.97
2021-08-10 06:54:00,,
2021-08-10 06:55:00,,
2021-08-10 06:56:00,15.51,16.92
2021-08-10 06:57:00,15.52,16.93
2021-08-10 06:58:00,15.54,16.915
2021-08-10 06:59:00,,
2021-08-10 07:00:00,15.53,16.9
2021-08-10 07:01:00,15.49,16.9
2021-08-10 07:02:00,15.51,16.89
2021-08-10 07:03:00,15.51,16.89
2021-08-10 07:04:00,15.51,16.88
2021-08-10 07:05:00,15.49,16.88
2021-08-10 07:06:00,15.49,16.88
2021-08-10 07:07:00,15.47,16.87
2021-08-10 07:08:00,15.47,16.87
2021-08-10 07:09:00,15.48,16.85
2021-08-10 07:10:00,15.47,16.84
2021-08-10 07:11:00,15.45,16.86
2021-08-10 07:12:00,15.46,16.83
2021-08-10 07:13:00,15.47,16.84
2021-08-10 07:14:00,15.45,16.82
2021-08-10 07:15:00,15.46,16.825
2021-08-10 07:16:00,15.47,16.83
2021-08-10 07:17:00,15.49,16.84
2021-08-10 07:18:00,15.48,16.83
2021-08-10 07:19:00,15.48,16.83
2021-08-10 07:20:00,15.48,16.84
2021-08-10 07:21:00,15.46,16.83
2021-08-10 07:22:00,15.44,16.83
2021-08-10 07:23:00,15.44,16.8
2021-08-10 07:24:00,15.45,16.8
2021-08-10 07:25:00,15.47,16.81
2021-08-10 07:26:00,15.49,16.82
2021-08-10 07:27:00,15.49,16.84
2021-08-10 07:28:00,15.48,16.83
2021-08-10 07:29:00,15.47,16.845
2021-08-10 07:30:00,15.44,16.85
2021-08-10 07:31:00,15.42,16.84
2021-08-10 07:32:00,15.44,16.83
2021-08-10 07:33:00,15.44,16.82
2021-08-10 07:34:00,15.44,16.83
2021-08-10 07:35:00,15.45,16.83
2021-08-10 07:36:00,15.46,16.84
2021-08-10 07:37:00,15.45,16.84
2021-08-10 07:38:00,,
2021-08-10 07:39:00,15.47,16.85
2021-08-10 07:40:00,15.49,16.85
2021-08-10 07:41:00,15.49,16.86
2021-08-10 07:42:00,15.47,16.85
2021-08-10 07:43:00,15.47,16.86
2021-08-10 07:44:00,15.47,16.86
2021-08-10 07:45:00,15.47,16.88
2021-08-10 07:46:00,15.47,16.87
2021-08-10 07:47:00,15.44,16.86
2021-08-10 07:48:00,15.45,16.86
2021-08-10 07:49:00,15.45,16.86
2021-08-10 07:50:00,15.44,16.86
2021-08-10 07:51:00,15.42,16.85
2021-08-10 07:52:00,15.41,16.84
2021-08-10 07:53:00,15.41,16.83
2021-08-10 07:54:00,15.4,16.82
2021-08-10 07:55:00,,
2021-08-10 07:56:00,15.4,16.81
2021-08-10 07:57:00,15.41,16.82
2021-08-10 07:58:00,15.42,16.814999999999998
2021-08-10 07:59:00,15.42,16.82
2021-08-10 08:00:00,15.41,16.81
2021-08-10 08:01:00,15.41,16.81
2021-08-10 08:02:00,15.43,16.82
2021-08-10 08:03:00,15.45,16.82
2021-08-10 08:04:00,15.43,16.83
2021-08-10 08:05:00,15.4,16.82
2021-08-10 08:06:00,15.39,16.81
2021-08-10 08:07:00,15.38,16.8
2021-08-10 08:08:00,15.39,16.8
2021-08-10 08:09:00,15.39,16.8
2021-08-10 08:10:00,15.38,16.8
2021-08-10 08:11:00,15.38,16.79
2021-08-10 08:12:00,15.38,16.78
2021-08-10 08:13:00,15.375,16.78
2021-08-10 08:14:00,15.38,16.79
2021-08-10 08:15:00,15.34,16.77
2021-08-10 08:16:00,15.34,16.76
2021-08-10 08:17:00,15.36,16.75
2021-08-10 08:18:00,15.33,16.74
2021-08-10 08:19:00,15.3,16.73
2021-08-10 08:20:00,15.3,16.71
2021-08-10 08:21:00,15.25,16.69
2021-08-10 08:22:00,15.23,16.68
2021-08-10 08:23:00,15.24,16.66
2021-08-10 08:24:00,15.24,16.66
2021-08-10 08:25:00,,
2021-08-10 08:26:00,15.23,16.63
2021-08-10 08:27:00,15.24,16.61
2021-08-10 08:28:00,15.245000000000001,16.61
2021-08-10 08:29:00,,
2021-08-10 08:30:00,15.245000000000001,17.020000000000003
2021-08-10 08:31:00,15.24,16.78
2021-08-10 08:32:00,15.26,16.65
2021-08-10 08:33:00,15.25,16.63
2021-08-10 08:34:00,15.21,16.61
2021-08-10 08:35:00,15.19,16.59
2021-08-10 08:36:00,15.21,16.58
2021-08-10 08:37:00,15.21,16.58
2021-08-10 08:38:00,15.21,16.57
2021-08-10 08:39:00,15.24,16.57
2021-08-10 08:40:00,15.24,16.58
2021-08-10 08:41:00,15.23,16.58
2021-08-10 08:42:00,15.23,16.58
2021-08-10 08:43:00,15.22,16.59
2021-08-10 08:44:00,15.21,16.57
2021-08-10 08:45:00,15.225000000000001,16.58
2021-08-10 08:46:00,15.24,16.58
2021-08-10 08:47:00,15.22,16.59
2021-08-10 08:48:00,15.23,16.59
2021-08-10 08:49:00,15.23,16.58
2021-08-10 08:50:00,15.25,16.59
2021-08-10 08:51:00,15.25,16.59
2021-08-10 08:52:00,15.24,16.61
2021-08-10 08:53:00,15.25,16.59
2021-08-10 08:54:00,15.25,16.59
2021-08-10 08:55:00,15.27,16.6
2021-08-10 08:56:00,15.28,16.61
2021-08-10 08:57:00,15.28,16.64
2021-08-10 08:58:00,15.26,16.63
2021-08-10 08:59:00,15.21,16.63
2021-08-10 09:00:00,15.15,16.6
2021-08-10 09:01:00,15.13,16.59
2021-08-10 09:02:00,15.14,16.56
2021-08-10 09:03:00,15.12,16.54
2021-08-10 09:04:00,15.13,16.54
2021-08-10 09:05:00,15.15,16.52
2021-08-10 09:06:00,15.15,16.51
2021-08-10 09:07:00,15.16,16.51
2021-08-10 09:08:00,15.18,16.52
2021-08-10 09:09:00,15.18,16.52
2021-08-10 09:10:00,15.15,16.52
2021-08-10 09:11:00,15.14,16.5
2021-08-10 09:12:00,15.12,16.5
2021-08-10 09:13:00,15.114999999999998,16.475
2021-08-10 09:14:00,15.11,16.46
2021-08-10 09:15:00,15.13,16.45
2021-08-10 09:16:00,15.15,16.45
2021-08-10 09:17:00,15.17,16.45
2021-08-10 09:18:00,15.16,16.46
2021-08-10 09:19:00,15.16,16.46
2021-08-10 09:20:00,15.16,16.47
2021-08-10 09:21:00,15.17,16.47
2021-08-10 09:22:00,15.19,16.49
2021-08-10 09:23:00,15.19,16.5
2021-08-10 09:24:00,15.18,16.51
2021-08-10 09:25:00,15.19,16.51
2021-08-10 09:26:00,15.18,16.51
2021-08-10 09:27:00,15.18,16.51
2021-08-10 09:28:00,15.19,16.525
2021-08-10 09:29:00,15.17,16.54
2021-08-10 09:30:00,15.17,16.53
2021-08-10 09:31:00,15.18,16.53
2021-08-10 09:32:00,15.19,16.53
2021-08-10 09:33:00,15.21,16.53
2021-08-10 09:34:00,15.17,16.53
2021-08-10 09:35:00,15.15,16.51
2021-08-10 09:36:00,15.16,16.51
2021-08-10 09:37:00,15.18,16.5
2021-08-10 09:38:00,15.18,16.51
2021-08-10 09:39:00,15.18,16.52
2021-08-10 09:40:00,15.17,16.51
2021-08-10 09:41:00,15.18,16.52
2021-08-10 09:42:00,15.16,16.51
2021-08-10 09:43:00,15.15,16.505000000000003
2021-08-10 09:44:00,,
2021-08-10 09:45:00,15.16,16.51
2021-08-10 09:46:00,15.18,16.52
2021-08-10 09:47:00,15.18,16.53
2021-08-10 09:48:00,15.18,16.52
2021-08-10 09:49:00,15.19,16.52
2021-08-10 09:50:00,15.19,16.53
2021-08-10 09:51:00,15.21,16.54
2021-08-10 09:52:00,15.22,16.55
2021-08-10 09:53:00,15.22,16.56
2021-08-10 09:54:00,15.22,16.55
2021-08-10 09:55:00,15.23,16.56
2021-08-10 09:56:00,15.22,16.56
2021-08-10 09:57:00,15.21,16.57
2021-08-10 09:58:00,15.21,16.56
2021-08-10 09:59:00,15.22,16.56
2021-08-10 10:00:00,15.23,16.57
2021-08-10 10:01:00,15.23,16.56
2021-08-10 10:02:00,15.23,16.57
2021-08-10 10:03:00,15.22,16.57
2021-08-10 10:04:00,15.22,16.57
2021-08-10 10:05:00,15.18,16.56
2021-08-10 10:06:00,15.18,16.54
2021-08-10 10:07:00,15.18,16.54
2021-08-10 10:08:00,15.15,16.52
2021-08-10 10:09:00,15.13,16.51
2021-08-10 10:10:00,15.11,16.49
2021-08-10 10:11:00,15.14,16.48
2021-08-10 10:12:00,15.16,16.49
2021-08-10 10:13:00,15.17,16.5
2021-08-10 10:14:00,15.175,16.51
2021-08-10 10:15:00,15.17,16.52
2021-08-10 10:16:00,15.19,16.52
2021-08-10 10:17:00,15.15,16.52
2021-08-10 10:18:00,15.13,16.52
2021-08-10 10:19:00,15.11,16.51
2021-08-10 10:20:00,15.09,16.5
2021-08-10 10:21:00,15.08,16.49
2021-08-10 10:22:00,15.04,16.47
2021-08-10 10:23:00,15.04,16.46
2021-08-10 10:24:00,15.01,16.45
2021-08-10 10:25:00,14.98,16.45
2021-08-10 10:26:00,15,16.43
2021-08-10 10:27:00,15.03,16.43
2021-08-10 10:28:00,15.09,16.450000000000003
2021-08-10 10:29:00,15.12,16.47
2021-08-10 10:30:00,15.12,16.49
2021-08-10 10:31:00,15.11,16.49
2021-08-10 10:32:00,15.09,16.49
2021-08-10 10:33:00,15.07,16.49
2021-08-10 10:34:00,15.08,16.5
2021-08-10 10:35:00,15.09,16.5
2021-08-10 10:36:00,15.07,16.49
2021-08-10 10:37:00,15.06,16.49
2021-08-10 10:38:00,15.04,16.49
2021-08-10 10:39:00,15.06,16.49
2021-08-10 10:40:00,15.04,16.5
2021-08-10 10:41:00,15.04,16.5
2021-08-10 10:42:00,15.085,16.51
2021-08-10 10:43:00,15.1,16.53
2021-08-10 10:44:00,15.12,16.54
2021-08-10 10:45:00,15.11,16.55
2021-08-10 10:46:00,15.06,16.54
2021-08-10 10:47:00,15.04,16.53
2021-08-10 10:48:00,15.07,16.54
2021-08-10 10:49:00,15.04,16.55
2021-08-10 10:50:00,15.04,16.54
2021-08-10 10:51:00,15.01,16.54
2021-08-10 10:52:00,15.03,16.53
2021-08-10 10:53:00,15.04,16.55
2021-08-10 10:54:00,15.08,16.56
2021-08-10 10:55:00,15.11,16.59
2021-08-10 10:56:00,15.11,16.61
2021-08-10 10:57:00,15.11,16.655
2021-08-10 10:58:00,15.11,16.7
2021-08-10 10:59:00,15.11,16.69
2021-08-10 11:00:00,15.08,16.7
2021-08-10 11:01:00,15.06,16.7
2021-08-10 11:02:00,15.03,16.69
2021-08-10 11:03:00,15.01,16.69
2021-08-10 11:04:00,14.99,16.67
2021-08-10 11:05:00,14.96,16.66
2021-08-10 11:06:00,14.95,16.64
2021-08-10 11:07:00,14.95,16.63
2021-08-10 11:08:00,14.95,16.6
2021-08-10 11:09:00,14.95,16.6
2021-08-10 11:10:00,14.95,16.59
2021-08-10 11:11:00,14.96,16.59
2021-08-10 11:12:00,14.98,16.634999999999998
2021-08-10 11:13:00,,
2021-08-10 11:14:00,15.015,16.705
2021-08-10 11:15:00,,
2021-08-10 11:16:00,15.08,16.78
2021-08-10 11:17:00,15.12,16.81
2021-08-10 11:18:00,15.13,16.87
2021-08-10 11:19:00,15.13,16.88
2021-08-10 11:20:00,15.15,16.92
2021-08-10 11:21:00,15.16,16.93
2021-08-10 11:22:00,15.16,16.95
2021-08-10 11:23:00,15.18,16.98
2021-08-10 11:24:00,15.18,17
2021-08-10 11:25:00,15.19,17.01
2021-08-10 11:26:00,15.19,17.03
2021-08-10 11:27:00,15.17,17.04
2021-08-10 11:28:00,15.14,17.05
2021-08-10 11:29:00,15.115,17.025
2021-08-10 11:30:00,15.09,17.01
2021-08-10 11:31:00,15.08,17.01
2021-08-10 11:32:00,15.09,17
2021-08-10 11:33:00,15.08,16.99
2021-08-10 11:34:00,15.07,16.98
2021-08-10 11:35:00,15.04,16.97
2021-08-10 11:36:00,14.98,16.97
2021-08-10 11:37:00,15.07,16.95
2021-08-10 11:38:00,15.09,16.97
2021-08-10 11:39:00,15.1,16.99
2021-08-10 11:40:00,15.13,17.01
2021-08-10 11:41:00,15.15,17.04
2021-08-10 11:42:00,15.17,17.07
2021-08-10 11:43:00,15.17,17.09
2021-08-10 11:44:00,15.135,17.1
2021-08-10 11:45:00,15.12,17.1
2021-08-10 11:46:00,15.13,17.12
2021-08-10 11:47:00,15.15,17.12
2021-08-10 11:48:00,,
2021-08-10 11:49:00,15.22,17.2
2021-08-10 11:50:00,15.22,17.25
2021-08-10 11:51:00,15.23,17.3
2021-08-10 11:52:00,15.25,17.32
2021-08-10 11:53:00,15.24,17.35
2021-08-10 11:54:00,15.23,17.38
2021-08-10 11:55:00,15.25,17.38
2021-08-10 11:56:00,15.274999999999999,17.43
2021-08-10 11:57:00,15.32,17.47
2021-08-10 11:58:00,15.32,17.51
2021-08-10 11:59:00,15.32,17.53
2021-08-10 12:00:00,15.29,17.55
2021-08-10 12:01:00,15.28,17.56
2021-08-10 12:02:00,15.27,17.55
2021-08-10 12:03:00,15.28,17.57
2021-08-10 12:04:00,15.31,17.57
2021-08-10 12:05:00,15.31,17.59
2021-08-10 12:06:00,15.3,17.61
2021-08-10 12:07:00,15.31,17.63
2021-08-10 12:08:00,15.31,17.67
2021-08-10 12:09:00,15.36,17.71
2021-08-10 12:10:00,15.34,17.76
2021-08-10 12:11:00,15.33,17.785
2021-08-10 12:12:00,15.31,17.79
2021-08-10 12:13:00,15.34,17.77
2021-08-10 12:14:00,15.38,17.79
2021-08-10 12:15:00,15.38,17.83
2021-08-10 12:16:00,15.39,17.82
2021-08-10 12:17:00,15.41,17.85
2021-08-10 12:18:00,15.44,17.86
2021-08-10 12:19:00,15.46,17.88
2021-08-10 12:20:00,15.47,17.89
2021-08-10 12:21:00,15.45,17.88
2021-08-10 12:22:00,15.45,17.86
2021-08-10 12:23:00,15.45,17.84
2021-08-10 12:24:00,15.44,17.83
2021-08-10 12:25:00,15.45,17.84
2021-08-10 12:26:00,15.42,17.84
2021-08-10 12:27:00,15.42,17.85
2021-08-10 12:28:00,15.44,17.9
2021-08-10 12:29:00,15.5,18.04
2021-08-10 12:30:00,15.55,18.29
2021-08-10 12:31:00,15.61,18.44
2021-08-10 12:32:00,15.66,18.56
2021-08-10 12:33:00,15.66,18.62
2021-08-10 12:34:00,15.66,18.65
2021-08-10 12:35:00,15.67,18.66
2021-08-10 12:36:00,15.72,18.67
2021-08-10 12:37:00,15.76,18.71
2021-08-10 12:38:00,15.78,18.75
2021-08-10 12:39:00,15.8,18.79
2021-08-10 12:40:00,15.81,18.84
2021-08-10 12:41:00,15.75,18.86
2021-08-10 12:42:00,15.75,18.86
2021-08-10 12:43:00,15.77,18.87
2021-08-10 12:44:00,15.765,18.89
2021-08-10 12:45:00,15.82,18.92
2021-08-10 12:46:00,15.87,19
2021-08-10 12:47:00,15.89,19.08
2021-08-10 12:48:00,15.93,19.16
2021-08-10 12:49:00,15.96,19.27
2021-08-10 12:50:00,15.95,19.38
2021-08-10 12:51:00,15.93,19.44
2021-08-10 12:52:00,15.92,19.5
2021-08-10 12:53:00,15.88,19.54
2021-08-10 12:54:00,15.83,19.56
2021-08-10 12:55:00,15.78,19.52
2021-08-10 12:56:00,15.81,19.48
2021-08-10 12:57:00,15.84,19.47
2021-08-10 12:58:00,15.88,19.43
2021-08-10 12:59:00,15.9,19.4
2021-08-10 13:00:00,15.77,19.29
2021-08-10 13:01:00,15.69,19.2
2021-08-10 13:02:00,15.67,19.1
2021-08-10 13:03:00,15.67,19.01
2021-08-10 13:04:00,15.66,18.93
2021-08-10 13:05:00,15.63,18.86
2021-08-10 13:06:00,15.69,18.84
2021-08-10 13:07:00,15.75,18.83
2021-08-10 13:08:00,15.81,18.85
2021-08-10 13:09:00,15.81,18.88
2021-08-10 13:10:00,15.83,18.89
2021-08-10 13:11:00,15.86,18.92
2021-08-10 13:12:00,15.88,18.96
2021-08-10 13:13:00,15.87,19.02
2021-08-10 13:14:00,15.83,19.04
2021-08-10 13:15:00,15.8,19.06
2021-08-10 13:16:00,15.75,19.04
2021-08-10 13:17:00,15.75,19
2021-08-10 13:18:00,15.77,18.95
2021-08-10 13:19:00,15.74,18.91
2021-08-10 13:20:00,15.75,18.85
2021-08-10 13:21:00,,
2021-08-10 13:22:00,15.8,18.82
2021-08-10 13:23:00,15.84,18.82
2021-08-10 13:24:00,15.87,18.85
2021-08-10 13:25:00,15.89,18.88
2021-08-10 13:26:00,15.87,18.89
2021-08-10 13:27:00,15.82,18.87
2021-08-10 13:28:00,15.78,18.84
2021-08-10 13:29:00,15.72,18.76
2021-08-10 13:30:00,15.72,18.68
2021-08-10 13:31:00,15.72,18.66
2021-08-10 13:32:00,15.71,18.67
2021-08-10 13:33:00,15.74,18.72
2021-08-10 13:34:00,15.81,18.8
2021-08-10 13:35:00,15.9,18.9
2021-08-10 13:36:00,15.97,19
2021-08-10 13:37:00,16.01,19.14
2021-08-10 13:38:00,16.07,19.39
2021-08-10 13:39:00,16.04,19.58
2021-08-10 13:40:00,16.05,19.69
2021-08-10 13:41:00,16.05,19.77
2021-08-10 13:42:00,16.04,19.82
2021-08-10 13:43:00,16.07,19.81
2021-08-10 13:44:00,16.07,19.8
2021-08-10 13:45:00,16.134999999999998,19.795
2021-08-10 13:46:00,16.21,19.86
2021-08-10 13:47:00,16.26,19.98
2021-08-10 13:48:00,16.26,20.09
2021-08-10 13:49:00,16.2,20.16
2021-08-10 13:50:00,16.17,20.17
2021-08-10 13:51:00,16.13,20.15
2021-08-10 13:52:00,16.11,20.11
2021-08-10 13:53:00,16.14,20.05
2021-08-10 13:54:00,16.11,20
2021-08-10 13:55:00,16.03,19.87
2021-08-10 13:56:00,16.03,19.76
2021-08-10 13:57:00,16.06,19.68
2021-08-10 13:58:00,16.11,19.63
2021-08-10 13:59:00,16.16,19.65
2021-08-10 14:00:00,16.19,19.71
2021-08-10 14:01:00,16.21,19.8
2021-08-10 14:02:00,16.27,19.91
2021-08-10 14:03:00,16.32,20.06
2021-08-10 14:04:00,16.384999999999998,20.27
2021-08-10 14:05:00,,
2021-08-10 14:06:00,16.475,20.425
2021-08-10 14:07:00,16.51,20.44
2021-08-10 14:08:00,16.49,20.41
2021-08-10 14:09:00,16.44,20.33
2021-08-10 14:10:00,16.37,20.23
2021-08-10 14:11:00,16.33,20.14
2021-08-10 14:12:00,16.31,20.03
2021-08-10 14:13:00,16.3,19.91
2021-08-10 14:14:00,16.28,19.81
2021-08-10 14:15:00,16.25,19.69
2021-08-10 14:16:00,16.22,19.61
2021-08-10 14:17:00,16.2,19.54
2021-08-10 14:18:00,16.18,19.48
2021-08-10 14:19:00,16.21,19.47
2021-08-10 14:20:00,16.215,19.479999999999997
2021-08-10 14:21:00,16.26,19.49
2021-08-10 14:22:00,16.31,19.53
2021-08-10 14:23:00,16.32,19.58
2021-08-10 14:24:00,16.33,19.6
2021-08-10 14:25:00,16.29,19.61
2021-08-10 14:26:00,16.27,19.58
2021-08-10 14:27:00,16.31,19.6
2021-08-10 14:28:00,16.33,19.63
2021-08-10 14:29:00,16.37,19.68
2021-08-10 14:30:00,16.31,19.7
2021-08-10 14:31:00,16.32,19.72
2021-08-10 14:32:00,16.34,19.74
2021-08-10 14:33:00,16.4,19.78
2021-08-10 14:34:00,16.44,19.82
2021-08-10 14:35:00,16.45,19.88
2021-08-10 14:36:00,16.49,19.98
2021-08-10 14:37:00,16.56,20.12
2021-08-10 14:38:00,16.6,20.23
2021-08-10 14:39:00,16.67,20.405
2021-08-10 14:40:00,,
2021-08-10 14:41:00,16.64,20.56
2021-08-10 14:42:00,16.71,20.62
2021-08-10 14:43:00,16.78,20.68
2021-08-10 14:44:00,16.85,20.75
2021-08-10 14:45:00,,
2021-08-10 14:46:00,16.82,20.78
2021-08-10 14:47:00,16.81,20.78
2021-08-10 14:48:00,16.76,20.76
2021-08-10 14:49:00,16.79,20.74
2021-08-10 14:50:00,,
2021-08-10 14:51:00,,
2021-08-10 14:52:00,16.9,20.85
2021-08-10 14:53:00,16.99,20.93
2021-08-10 14:54:00,16.99,21.04
2021-08-10 14:55:00,16.94,21.12
2021-08-10 14:56:00,16.965,21.2
2021-08-10 14:57:00,17.03,21.28
2021-08-10 14:58:00,17.07,21.34
2021-08-10 14:59:00,17.05,21.38
2021-08-10 15:00:00,17.03,21.37
2021-08-10 15:01:00,17.03,21.37
2021-08-10 15:02:00,17.02,21.38
2021-08-10 15:03:00,16.98,21.39
2021-08-10 15:04:00,16.92,21.37
2021-08-10 15:05:00,16.89,21.32
2021-08-10 15:06:00,16.88,21.29
2021-08-10 15:07:00,16.86,21.25
2021-08-10 15:08:00,,
2021-08-10 15:09:00,16.92,21.19
2021-08-10 15:10:00,16.95,21.18
2021-08-10 15:11:00,17.015,21.19
2021-08-10 15:12:00,17.04,21.19
2021-08-10 15:13:00,17.04,21.19
2021-08-10 15:14:00,16.94,21.14
2021-08-10 15:15:00,16.92,21.1
2021-08-10 15:16:00,16.82,21.06
2021-08-10 15:17:00,16.75,21
2021-08-10 15:18:00,16.74,20.94
2021-08-10 15:19:00,,
2021-08-10 15:20:00,,
2021-08-10 15:21:00,16.81,20.86
2021-08-10 15:22:00,16.8,20.83
2021-08-10 15:23:00,16.82,20.79
2021-08-10 15:24:00,16.9,20.78
2021-08-10 15:25:00,16.98,20.82
2021-08-10 15:26:00,16.95,20.88
2021-08-10 15:27:00,,
2021-08-10 15:28:00,16.98,20.93
2021-08-10 15:29:00,17.07,21.060000000000002
2021-08-10 15:30:00,17.13,21.19
2021-08-10 15:31:00,17.16,21.25
2021-08-10 15:32:00,17.18,21.28
2021-08-10 15:33:00,17.21,21.28
2021-08-10 15:34:00,17.15,21.28
2021-08-10 15:35:00,17.1,21.2
2021-08-10 15:36:00,17.09,21.14
2021-08-10 15:37:00,17.08,21.08
2021-08-10 15:38:00,17.09,20.99
2021-08-10 15:39:00,17.13,20.93
2021-08-10 15:40:00,17.11,20.87
2021-08-10 15:41:00,17.15,20.83
2021-08-10 15:42:00,17.2,20.83
2021-08-10 15:43:00,17.215,20.9
2021-08-10 15:44:00,17.07,20.94
2021-08-10 15:45:00,17.04,20.93
2021-08-10 15:46:00,17.08,20.92
2021-08-10 15:47:00,17.18,21.02
2021-08-10 15:48:00,17.22,21.14
2021-08-10 15:49:00,17.28,21.31
2021-08-10 15:50:00,17.23,21.46
2021-08-10 15:51:00,17.18,21.54
2021-08-10 15:52:00,17.21,21.65
2021-08-10 15:53:00,17.3,21.77
2021-08-10 15:54:00,17.28,21.89
2021-08-10 15:55:00,17.22,21.96
2021-08-10 15:56:00,17.28,22.02
2021-08-10 15:57:00,17.28,22.08
2021-08-10 15:58:00,17.33,22.13
2021-08-10 15:59:00,17.41,22.19
2021-08-10 16:00:00,17.5,22.27
2021-08-10 16:01:00,17.51,22.28
2021-08-10 16:02:00,17.53,22.29
2021-08-10 16:03:00,17.54,22.28
2021-08-10 16:04:00,17.52,22.25
2021-08-10 16:05:00,17.5,22.24
2021-08-10 16:06:00,17.47,22.22
2021-08-10 16:07:00,17.47,22.21
2021-08-10 16:08:00,17.54,22.24
2021-08-10 16:09:00,17.58,22.33
2021-08-10 16:10:00,17.55,22.43
2021-08-10 16:11:00,17.51,22.47
2021-08-10 16:12:00,17.49,22.43
2021-08-10 16:13:00,17.45,22.34
2021-08-10 16:14:00,17.45,22.24
2021-08-10 16:15:00,17.46,22.13
2021-08-10 16:16:00,17.49,22.03
2021-08-10 16:17:00,17.45,21.94
2021-08-10 16:18:00,17.369999999999997,21.83
2021-08-10 16:19:00,17.31,21.7
2021-08-10 16:20:00,17.34,21.64
2021-08-10 16:21:00,17.37,21.6
2021-08-10 16:22:00,17.44,21.57
2021-08-10 16:23:00,17.46,21.58
2021-08-10 16:24:00,17.52,21.6
2021-08-10 16:25:00,17.6,21.68
2021-08-10 16:26:00,17.62,21.78
2021-08-10 16:27:00,17.62,21.83
2021-08-10 16:28:00,17.63,21.88
2021-08-10 16:29:00,17.63,21.93
2021-08-10 16:30:00,17.67,21.98
2021-08-10 16:31:00,17.67,22.09
2021-08-10 16:32:00,17.619999999999997,22.23
2021-08-10 16:33:00,17.56,22.33
2021-08-10 16:34:00,17.6,22.4
2021-08-10 16:35:00,17.67,22.56
2021-08-10 16:36:00,17.74,22.77
2021-08-10 16:37:00,17.76,22.96
2021-08-10 16:38:00,17.75,23.11
2021-08-10 16:39:00,17.76,23.21
2021-08-10 16:40:00,17.78,23.25
2021-08-10 16:41:00,17.78,23.24
2021-08-10 16:42:00,17.7,23.16
2021-08-10 16:43:00,,
2021-08-10 16:44:00,17.7,22.92
2021-08-10 16:45:00,17.76,22.81
2021-08-10 16:46:00,17.78,22.72
2021-08-10 16:47:00,17.795,22.634999999999998
2021-08-10 16:48:00,17.67,22.43
2021-08-10 16:49:00,17.63,22.25
2021-08-10 16:50:00,17.62,22.08
2021-08-10 16:51:00,17.65,21.98
2021-08-10 16:52:00,17.65,21.92
2021-08-10 16:53:00,17.6,21.85
2021-08-10 16:54:00,17.6,21.78
2021-08-10 16:55:00,17.62,21.73
2021-08-10 16:56:00,17.63,21.73
2021-08-10 16:57:00,17.68,21.76
2021-08-10 16:58:00,17.67,21.84
2021-08-10 16:59:00,17.72,21.94
2021-08-10 17:00:00,17.76,22.09
2021-08-10 17:01:00,17.68,22.19
2021-08-10 17:02:00,17.67,22.24
2021-08-10 17:03:00,17.72,22.27
2021-08-10 17:04:00,17.8,22.27
2021-08-10 17:05:00,17.82,22.25
2021-08-10 17:06:00,17.84,22.22
2021-08-10 17:07:00,17.92,22.2
2021-08-10 17:08:00,17.98,22.25
2021-08-10 17:09:00,18,22.29
2021-08-10 17:10:00,17.98,22.31
2021-08-10 17:11:00,17.97,22.31
2021-08-10 17:12:00,17.95,22.33
2021-08-10 17:13:00,17.91,22.35
2021-08-10 17:14:00,17.89,22.36
2021-08-10 17:15:00,17.84,22.39
2021-08-10 17:16:00,17.88,22.45
2021-08-10 17:17:00,17.96,22.56
2021-08-10 17:18:00,17.98,22.64
2021-08-10 17:19:00,17.994999999999997,22.69
2021-08-10 17:20:00,17.98,22.73
2021-08-10 17:21:00,17.97,22.74
2021-08-10 17:22:00,17.96,22.76
2021-08-10 17:23:00,17.98,22.81
2021-08-10 17:24:00,18,22.88
2021-08-10 17:25:00,18.05,22.95
2021-08-10 17:26:00,18.14,23.08
2021-08-10 17:27:00,18.24,23.23
2021-08-10 17:28:00,18.33,23.36
2021-08-10 17:29:00,18.29,23.46
2021-08-10 17:30:00,18.13,23.45
2021-08-10 17:31:00,17.99,23.32
2021-08-10 17:32:00,18.02,23.22
2021-08-10 17:33:00,18.02,23.12
2021-08-10 17:34:00,18.07,23.015
2021-08-10 17:35:00,18.08,22.89
2021-08-10 17:36:00,18.06,22.77
2021-08-10 17:37:00,18.02,22.66
2021-08-10 17:38:00,18.02,22.57
2021-08-10 17:39:00,17.96,22.47
2021-08-10 17:40:00,17.92,22.34
2021-08-10 17:41:00,17.94,22.23
2021-08-10 17:42:00,17.95,22.15
2021-08-10 17:43:00,17.95,22.08
2021-08-10 17:44:00,17.98,22.04
2021-08-10 17:45:00,17.98,22.02
2021-08-10 17:46:00,17.98,22.03
2021-08-10 17:47:00,17.91,22.01
2021-08-10 17:48:00,17.87,21.96
2021-08-10 17:49:00,17.83,21.9
2021-08-10 17:50:00,17.83,21.84
2021-08-10 17:51:00,17.81,21.81
2021-08-10 17:52:00,17.799999999999997,21.78
2021-08-10 17:53:00,17.81,21.74
2021-08-10 17:54:00,17.84,21.71
2021-08-10 17:55:00,17.84,21.68
2021-08-10 17:56:00,17.85,21.65
2021-08-10 17:57:00,17.9,21.62
2021-08-10 17:58:00,17.95,21.61
2021-08-10 17:59:00,17.96,21.62
2021-08-10 18:00:00,17.94,21.63
2021-08-10 18:01:00,17.88,21.6
2021-08-10 18:02:00,17.83,21.57
2021-08-10 18:03:00,17.81,21.52
2021-08-10 18:04:00,17.76,21.47
2021-08-10 18:05:00,17.78,21.41
2021-08-10 18:06:00,17.73,21.36
2021-08-10 18:07:00,17.7,21.255
2021-08-10 18:08:00,17.68,21.13
2021-08-10 18:09:00,17.63,21.03
2021-08-10 18:10:00,17.55,20.92
2021-08-10 18:11:00,17.53,20.82
2021-08-10 18:12:00,17.52,20.72
2021-08-10 18:13:00,17.52,20.64
2021-08-10 18:14:00,17.51,20.56
2021-08-10 18:15:00,17.53,20.51
2021-08-10 18:16:00,17.53,20.49
2021-08-10 18:17:00,17.53,20.47
2021-08-10 18:18:00,,
2021-08-10 18:19:00,17.52,20.45
2021-08-10 18:20:00,17.56,20.47
2021-08-10 18:21:00,,
2021-08-10 18:22:00,17.53,20.55
2021-08-10 18:23:00,17.52,20.6
2021-08-10 18:24:00,17.515,20.65
2021-08-10 18:25:00,17.54,20.68
2021-08-10 18:26:00,17.54,20.71
2021-08-10 18:27:00,17.55,20.72
2021-08-10 18:28:00,17.54,20.73
2021-08-10 18:29:00,17.54,20.74
2021-08-10 18:30:00,17.55,20.76
2021-08-10 18:31:00,17.61,20.78
2021-08-10 18:32:00,17.64,20.82
2021-08-10 18:33:00,17.68,20.87
2021-08-10 18:34:00,17.76,20.91
2021-08-10 18:35:00,17.76,20.97
2021-08-10 18:36:00,17.78,20.98
2021-08-10 18:37:00,17.73,20.96
2021-08-10 18:38:00,17.65,20.869999999999997
2021-08-10 18:39:00,17.56,20.77
2021-08-10 18:40:00,17.53,20.67
2021-08-10 18:41:00,17.53,20.58
2021-08-10 18:42:00,17.51,20.52
2021-08-10 18:43:00,17.49,20.47
2021-08-10 18:44:00,17.44,20.41
2021-08-10 18:45:00,17.39,20.32
2021-08-10 18:46:00,17.4,20.26
2021-08-10 18:47:00,17.4,19.64
2021-08-10 18:48:00,17.41,18.89
2021-08-10 18:49:00,17.41,18.5
2021-08-10 18:50:00,17.41,18.83
2021-08-10 18:51:00,17.44,19.06
2021-08-10 18:52:00,17.45,19.23
2021-08-10 18:53:00,17.49,19.43
2021-08-10 18:54:00,17.5,19.61
2021-08-10 18:55:00,17.51,19.78
2021-08-10 18:56:00,17.55,19.93
2021-08-10 18:57:00,17.619999999999997,20.134999999999998
2021-08-10 18:58:00,17.62,20.28
2021-08-10 18:59:00,17.62,20.32
2021-08-10 19:00:00,17.67,20.38
2021-08-10 19:01:00,17.67,20.41
2021-08-10 19:02:00,17.62,20.42
2021-08-10 19:03:00,17.6,20.41
2021-08-10 19:04:00,17.53,20.36
2021-08-10 19:05:00,17.45,20.28
2021-08-10 19:06:00,17.39,20.19
2021-08-10 19:07:00,17.32,20.11
2021-08-10 19:08:00,17.28,20.04
2021-08-10 19:09:00,17.25,19.96
2021-08-10 19:10:00,17.3,19.93
2021-08-10 19:11:00,17.32,19.994999999999997
2021-08-10 19:12:00,17.34,20.1
2021-08-10 19:13:00,,
2021-08-10 19:14:00,17.41,20.26
2021-08-10 19:15:00,17.43,20.32
2021-08-10 19:16:00,17.45,20.38
2021-08-10 19:17:00,17.45,20.43
2021-08-10 19:18:00,17.46,20.44
2021-08-10 19:19:00,17.45,20.42
2021-08-10 19:20:00,17.46,20.4
2021-08-10 19:21:00,17.48,20.39
2021-08-10 19:22:00,17.49,20.37
2021-08-10 19:23:00,17.47,20.34
2021-08-10 19:24:00,17.47,20.3
2021-08-10 19:25:00,17.45,20.25
2021-08-10 19:26:00,17.375,20.17
2021-08-10 19:27:00,,
2021-08-10 19:28:00,17.38,20.06
2021-08-10 19:29:00,17.41,20.02
2021-08-10 19:30:00,17.44,20
2021-08-10 19:31:00,17.43,19.98
2021-08-10 19:32:00,17.4,19.93
2021-08-10 19:33:00,17.37,19.89
2021-08-10 19:34:00,17.37,19.84
2021-08-10 19:35:00,,
2021-08-10 19:36:00,17.36,19.75
2021-08-10 19:37:00,17.35,19.72
2021-08-10 19:38:00,17.35,19.68
2021-08-10 19:39:00,17.37,19.64
2021-08-10 19:40:00,17.395,19.625
2021-08-10 19:41:00,17.4,19.61
2021-08-10 19:42:00,17.38,19.58
2021-08-10 19:43:00,17.37,19.54
2021-08-10 19:44:00,17.36,19.51
2021-08-10 19:45:00,17.34,19.48
2021-08-10 19:46:00,17.3,19.45
2021-08-10 19:47:00,17.3,19.42
2021-08-10 19:48:00,17.29,19.39
2021-08-10 19:49:00,17.25,19.36
2021-08-10 19:50:00,17.23,19.34
2021-08-10 19:51:00,,
2021-08-10 19:52:00,17.22,19.3
2021-08-10 19:53:00,17.2,19.28
2021-08-10 19:54:00,17.22,19.28
2021-08-10 19:55:00,17.240000000000002,19.29
2021-08-10 19:56:00,17.26,19.3
2021-08-10 19:57:00,17.29,19.3
2021-08-10 19:58:00,17.26,19.28
2021-08-10 19:59:00,17.22,19.25
2021-08-10 20:00:00,17.19,19.22
2021-08-10 20:01:00,17.16,19.18
2021-08-10 20:02:00,17.07,19.12
2021-08-10 20:03:00,17.01,19.05
2021-08-10 20:04:00,16.96,18.98
2021-08-10 20:05:00,16.92,18.92
2021-08-10 20:06:00,16.89,18.86
2021-08-10 20:07:00,16.87,18.8
2021-08-10 20:08:00,16.87,18.77
2021-08-10 20:09:00,16.89,18.74
2021-08-10 20:10:00,16.86,18.715
2021-08-10 20:11:00,,
2021-08-10 20:12:00,16.82,18.655
2021-08-10 20:13:00,16.8,18.64
2021-08-10 20:14:00,16.78,18.61
2021-08-10 20:15:00,16.78,18.59
2021-08-10 20:16:00,16.78,18.58
2021-08-10 20:17:00,16.78,18.57
2021-08-10 20:18:00,16.77,18.56
2021-08-10 20:19:00,16.74,18.54
2021-08-10 20:20:00,16.7,18.51
2021-08-10 20:21:00,16.69,18.49
2021-08-10 20:22:00,16.69,18.46
2021-08-10 20:23:00,16.69,18.44
2021-08-10 20:24:00,16.7,18.41
2021-08-10 20:25:00,16.634999999999998,18.380000000000003
2021-08-10 20:26:00,,
2021-08-10 20:27:00,16.625,18.310000000000002
2021-08-10 20:28:00,,
2021-08-10 20:29:00,16.65,18.28
2021-08-10 20:30:00,,
2021-08-10 20:31:00,16.67,18.27
2021-08-10 20:32:00,16.69,18.28
2021-08-10 20:33:00,16.66,18.28
2021-08-10 20:34:00,16.64,18.27
2021-08-10 20:35:00,16.64,18.26
2021-08-10 20:36:00,16.6,18.25
2021-08-10 20:37:00,16.6,18.23
2021-08-10 20:38:00,,
2021-08-10 20:39:00,16.6,18.22
2021-08-10 20:40:00,16.605,18.2
2021-08-10 20:41:00,,
2021-08-10 20:42:00,16.625,18.18
2021-08-10 20:43:00,16.63,18.18
2021-08-10 20:44:00,16.61,18.16
2021-08-10 20:45:00,16.59,18.14
2021-08-10 20:46:00,16.59,18.12
2021-08-10 20:47:00,16.58,18.11
2021-08-10 20:48:00,16.57,18.08
2021-08-10 20:49:00,,
2021-08-10 20:50:00,16.51,18.03
2021-08-10 20:51:00,16.49,18.02
2021-08-10 20:52:00,16.47,18
2021-08-10 20:53:00,16.44,17.98
2021-08-10 20:54:00,16.39,17.95
2021-08-10 20:55:00,16.36,17.92
2021-08-10 20:56:00,16.36,17.9
2021-08-10 20:57:00,16.34,17.88
2021-08-10 20:58:00,16.32,17.86
2021-08-10 20:59:00,,
2021-08-10 21:00:00,16.285,17.825
2021-08-10 21:01:00,16.25,17.79
2021-08-10 21:02:00,16.19,17.76
2021-08-10 21:03:00,16.13,17.69
2021-08-10 21:04:00,16.11,17.65
2021-08-10 21:05:00,16.07,17.61
2021-08-10 21:06:00,,
2021-08-10 21:07:00,16.01,17.54
2021-08-10 21:08:00,15.98,17.5
2021-08-10 21:09:00,15.98,17.48
2021-08-10 21:10:00,15.97,17.47
2021-08-10 21:11:00,15.95,17.47
2021-08-10 21:12:00,15.96,17.45
2021-08-10 21:13:00,15.97,17.45
2021-08-10 21:14:00,15.934999999999999,17.44
2021-08-10 21:15:00,15.91,17.42
2021-08-10 21:16:00,15.88,17.41
2021-08-10 21:17:00,,
2021-08-10 21:18:00,15.82,17.37
2021-08-10 21:19:00,15.81,17.35
2021-08-10 21:20:00,15.8,17.34
2021-08-10 21:21:00,15.83,17.34
2021-08-10 21:22:00,15.83,17.33
2021-08-10 21:23:00,15.83,17.32
2021-08-10 21:24:00,15.83,17.32
2021-08-10 21:25:00,15.82,17.32
2021-08-10 21:26:00,15.81,17.31
2021-08-10 21:27:00,15.8,17.29
2021-08-10 21:28:00,15.8,17.28
2021-08-10 21:29:00,15.8,17.27
2021-08-10 21:30:00,15.78,17.28
2021-08-10 21:31:00,15.78,17.28
2021-08-10 21:32:00,15.78,17.28
2021-08-10 21:33:00,15.8,17.29
2021-08-10 21:34:00,15.8,17.28
2021-08-10 21:35:00,15.81,17.29
2021-08-10 21:36:00,15.765,17.265
2021-08-10 21:37:00,,
2021-08-10 21:38:00,15.765,17.235
2021-08-10 21:39:00,15.76,17.22
2021-08-10 21:40:00,15.74,17.21
2021-08-10 21:41:00,15.76,17.19
2021-08-10 21:42:00,15.76,17.18
2021-08-10 21:43:00,15.76,17.17
2021-08-10 21:44:00,15.75,17.16
2021-08-10 21:45:00,15.74,17.15
2021-08-10 21:46:00,15.73,17.14
2021-08-10 21:47:00,15.72,17.12
2021-08-10 21:48:00,15.73,17.11
2021-08-10 21:49:00,15.73,17.1
2021-08-10 21:50:00,15.72,17.08
2021-08-10 21:51:00,15.71,17.07
2021-08-10 21:52:00,15.71,17.06
2021-08-10 21:53:00,15.715,17.06
2021-08-10 21:54:00,15.71,17.07
2021-08-10 21:55:00,15.72,17.06
2021-08-10 21:56:00,15.72,17.06
2021-08-10 21:57:00,15.7,17.06
2021-08-10 21:58:00,15.68,17.06
2021-08-10 21:59:00,15.69,17.06
2021-08-10 22:00:00,15.68,17.05
2021-08-10 22:01:00,15.68,17.05
2021-08-10 22:02:00,15.69,17.05
2021-08-10 22:03:00,15.7,17.05
2021-08-10 22:04:00,15.7,17.05
2021-08-10 22:05:00,15.69,17.05
2021-08-10 22:06:00,15.68,17.04
2021-08-10 22:07:00,15.68,17.04
2021-08-10 22:08:00,15.66,17.03
2021-08-10 22:09:00,15.62,17.02
2021-08-10 22:10:00,15.59,17.02
2021-08-10 22:11:00,15.58,16.975
2021-08-10 22:12:00,15.55,16.96
2021-08-10 22:13:00,15.54,16.94
2021-08-10 22:14:00,15.53,16.93
2021-08-10 22:15:00,15.55,16.93
2021-08-10 22:16:00,15.56,16.93
2021-08-10 22:17:00,15.58,16.94
2021-08-10 22:18:00,15.59,16.95
2021-08-10 22:19:00,15.58,16.96
2021-08-10 22:20:00,15.56,16.96
2021-08-10 22:21:00,15.51,16.96
2021-08-10 22:22:00,15.45,16.92
2021-08-10 22:23:00,15.41,16.9
2021-08-10 22:24:00,15.39,16.88
2021-08-10 22:25:00,15.38,16.86
2021-08-10 22:26:00,15.37,16.85
2021-08-10 22:27:00,15.37,16.83
2021-08-10 22:28:00,15.34,16.82
2021-08-10 22:29:00,15.325,16.799999999999997
2021-08-10 22:30:00,15.32,16.79
2021-08-10 22:31:00,,
2021-08-10 22:32:00,15.31,16.77
2021-08-10 22:33:00,15.31,16.76
2021-08-10 22:34:00,15.32,16.75
2021-08-10 22:35:00,15.31,16.75
2021-08-10 22:36:00,15.3,16.74
2021-08-10 22:37:00,15.29,16.74
2021-08-10 22:38:00,15.28,16.72
2021-08-10 22:39:00,15.26,16.72
2021-08-10 22:40:00,15.24,16.69
2021-08-10 22:41:00,15.22,16.68
2021-08-10 22:42:00,15.18,16.67
2021-08-10 22:43:00,15.17,16.634999999999998
2021-08-10 22:44:00,15.17,16.63
2021-08-10 22:45:00,15.14,16.63
2021-08-10 22:46:00,15.15,16.62
2021-08-10 22:47:00,15.15,16.61
2021-08-10 22:48:00,15.15,16.61
2021-08-10 22:49:00,15.14,16.6
2021-08-10 22:50:00,15.15,16.59
2021-08-10 22:51:00,15.13,16.59
2021-08-10 22:52:00,15.13,16.58
2021-08-10 22:53:00,15.14,16.58
2021-08-10 22:54:00,15.15,16.58
2021-08-10 22:55:00,15.16,16.6
2021-08-10 22:56:00,15.17,16.61
2021-08-10 22:57:00,15.165,16.6
2021-08-10 22:58:00,15.13,16.6
2021-08-10 22:59:00,15.14,16.6
2021-08-10 23:00:00,15.12,16.59
2021-08-10 23:01:00,15.11,16.58
2021-08-10 23:02:00,15.09,16.57
2021-08-10 23:03:00,15.1,16.55
2021-08-10 23:04:00,15.09,16.55
2021-08-10 23:05:00,15.07,16.54
2021-08-10 23:06:00,15.06,16.54
2021-08-10 23:07:00,15.04,16.53
2021-08-10 23:08:00,15.01,16.51
2021-08-10 23:09:00,15,16.5
2021-08-10 23:10:00,14.97,16.48
2021-08-10 23:11:00,14.97,16.46
2021-08-10 23:12:00,14.965,16.450000000000003
2021-08-10 23:13:00,14.96,16.43
2021-08-10 23:14:00,14.96,16.42
2021-08-10 23:15:00,14.96,16.42
2021-08-10 23:16:00,14.96,16.42
2021-08-10 23:17:00,14.96,16.42
2021-08-10 23:18:00,14.96,16.41
2021-08-10 23:19:00,14.95,16.4
2021-08-10 23:20:00,14.95,16.38
2021-08-10 23:21:00,14.95,16.36
2021-08-10 23:22:00,14.95,16.35
2021-08-10 23:23:00,14.95,16.35
2021-08-10 23:24:00,14.95,16.34
2021-08-10 23:25:00,14.95,16.34
2021-08-10 23:26:00,14.95,16.335
2021-08-10 23:27:00,,
2021-08-10 23:28:00,14.95,16.325
2021-08-10 23:29:00,14.94,16.32
2021-08-10 23:30:00,14.89,16.31
2021-08-10 23:31:00,14.89,16.29
2021-08-10 23:32:00,14.87,16.28
2021-08-10 23:33:00,14.85,16.27
2021-08-10 23:34:00,14.86,16.26
2021-08-10 23:35:00,14.86,16.26
2021-08-10 23:36:00,14.87,16.25
2021-08-10 23:37:00,14.88,16.25
2021-08-10 23:38:00,14.88,16.26
2021-08-10 23:39:00,14.89,16.27
2021-08-10 23:40:00,14.89,16.27
2021-08-10 23:41:00,14.85,16.25
2021-08-10 23:42:00,14.85,16.22
2021-08-10 23:43:00,14.85,16.195
2021-08-10 23:44:00,14.83,16.17
2021-08-10 23:45:00,14.82,16.16
2021-08-10 23:46:00,14.83,16.14
2021-08-10 23:47:00,14.83,16.13
2021-08-10 23:48:00,14.8,16.1
2021-08-10 23:49:00,14.78,16.09
2021-08-10 23:50:00,14.75,16.07
2021-08-10 23:51:00,14.78,16.06
2021-08-10 23:52:00,14.78,16.06
2021-08-10 23:53:00,14.78,16.05
2021-08-10 23:54:00,14.79,16.06
2021-08-10 23:55:00,14.79,16.05
2021-08-10 23:56:00,14.79,16.05
2021-08-10 23:57:00,14.785,16.05
2021-08-10 23:58:00,14.78,16.06
2021-08-10 23:59:00,14.78,16.05

