20210324000012,22.81,99041.50,23.15,84.96,SW,1.33,3.75
20210324000109,22.79,99041.69,23.13,84.98,SW,2.66,3.75
20210324000206,22.78,99042.25,23.10,85.06,S,2.66,3.75
20210324000303,22.77,99037.85,23.09,85.03,S,2.66,3.75
20210324000359,22.76,99037.33,23.09,85.06,S,1.33,3.75
20210324000456,22.75,99034.70,23.10,85.01,E,1.33,3.75
20210324000553,22.75,99030.09,23.14,84.90,SE,0.00,3.75
20210324000650,22.75,99028.69,23.18,84.71,SE,2.66,3.75
20210324000747,22.75,99030.80,23.24,84.52,SE,3.99,3.75
20210324000844,22.75,99030.80,23.26,84.34,E,2.66,3.75
20210324000940,22.75,99030.10,23.28,84.23,E,2.66,3.75
20210324001037,22.76,99030.26,23.29,84.13,SE,2.66,3.75
20210324001134,22.77,99031.13,23.35,83.94,SE,6.65,3.75
20210324001231,22.85,99032.80,23.36,83.80,SE,7.98,3.75
20210324001328,22.84,99032.27,23.36,83.72,E,1.33,3.75
20210324001425,22.87,99033.28,23.35,83.78,E,1.33,3.75
20210324001522,22.92,99040.10,23.36,83.85,SE,1.33,3.75
20210324001618,22.89,99043.69,23.34,83.88,SE,1.33,3.75
20210324001715,22.89,99047.88,23.31,83.91,SE,2.66,3.75
20210324001812,22.93,99050.36,23.29,84.04,SE,1.33,3.75
20210324001909,22.87,99048.46,23.27,84.13,S,5.32,3.75
20210324002006,22.87,99048.46,23.28,84.18,E,1.33,3.75
20210324002102,22.88,99047.23,23.26,84.26,E,0.00,3.75
20210324002159,22.86,99052.70,23.24,84.34,E,0.00,3.75
20210324002256,22.84,99057.89,23.20,84.42,E,0.00,3.75
20210324002353,22.83,99063.00,23.17,84.64,SE,2.66,3.75
20210324002450,22.81,99064.63,23.20,84.69,SE,1.33,3.75
20210324002547,22.81,99067.13,23.21,84.74,SE,0.00,3.75
20210324002643,22.80,99064.11,23.20,84.69,SE,1.33,3.75
20210324002740,22.80,99061.66,23.18,84.77,SE,1.33,3.75
20210324002837,22.79,99059.70,23.20,84.80,S,2.66,3.75
20210324002934,22.79,99058.47,23.21,84.80,SE,3.99,3.75
20210324003031,22.81,99054.58,23.22,84.82,S,2.66,3.75
20210324003128,22.82,99056.52,23.22,84.82,S,1.33,3.75
20210324003225,22.83,99055.59,23.22,84.82,S,2.66,3.75
20210324003322,22.84,99055.77,23.24,84.84,S,2.66,3.75
20210324003418,22.85,99056.28,23.26,84.79,S,3.99,3.75
20210324003515,22.88,99058.88,23.23,84.82,S,1.33,3.75
20210324003612,22.86,99058.72,23.23,84.90,SE,5.32,3.75
20210324003709,22.88,99059.06,23.23,84.93,S,2.66,3.75
20210324003806,22.88,99060.64,23.22,84.95,SE,3.99,3.75
20210324003903,22.89,99060.30,23.22,84.96,SE,3.99,3.75
20210324003959,22.93,99060.41,23.22,84.98,SE,2.66,3.75
20210324004056,22.88,99058.52,23.22,85.01,SE,5.32,3.75
20210324004153,22.89,99058.30,23.21,85.06,SE,5.32,3.75
20210324004250,22.92,99058.83,23.18,85.09,SE,5.32,3.75
20210324004347,22.90,99057.78,23.17,85.19,E,2.66,3.75
20210324004444,22.91,99058.30,23.15,85.28,SE,3.99,3.75
20210324004540,22.95,99063.20,23.14,85.35,S,3.99,3.75
20210324004637,22.90,99066.45,23.15,85.41,S,3.99,3.75
20210324004734,22.90,99068.92,23.15,85.44,SE,1.33,3.75
20210324004831,22.94,99070.45,23.14,85.49,S,2.66,3.75
20210324004928,22.87,99068.95,23.10,85.57,S,1.33,3.75
20210324005025,22.86,99066.14,23.08,85.65,S,3.99,3.75
20210324005121,22.85,99060.54,23.07,85.73,S,2.66,3.75
20210324005218,22.82,99058.81,23.06,85.78,S,2.66,3.75
20210324005315,22.81,99052.11,23.06,85.92,S,5.32,3.75
20210324005412,22.80,99051.77,23.05,85.97,S,2.66,3.75
20210324005509,22.79,99046.66,23.03,86.05,SE,7.98,3.75
20210324005606,22.79,99052.46,23.01,86.16,S,3.99,3.75
20210324005702,22.78,99054.62,23.02,86.29,SE,2.66,3.75
20210324005759,22.78,99057.09,23.01,86.29,SE,5.32,3.75
20210324005856,22.78,99060.62,22.99,86.40,SE,2.66,3.75
20210324005953,22.77,99062.42,22.97,86.48,SE,2.66,3.75
20210324010050,22.79,99065.88,22.94,86.61,SE,0.00,3.75
20210324010147,22.72,99064.06,22.92,86.74,SE,0.00,3.75
20210324010244,22.70,99061.28,22.90,86.83,SE,1.33,3.75
20210324010340,22.71,99057.55,22.90,86.85,S,2.66,3.75
20210324010437,22.65,99055.67,22.88,86.93,SE,3.99,3.75
20210324010534,22.63,99052.36,22.90,86.88,SE,2.66,3.75
20210324010631,22.62,99052.20,22.90,86.85,SE,3.99,3.75
20210324010728,22.60,99050.81,22.92,86.80,S,3.99,3.75
20210324010825,22.60,99052.05,22.92,86.72,S,6.65,3.75
20210324010921,22.61,99053.25,22.91,86.67,E,3.99,3.75
20210324011018,22.60,99055.94,22.91,86.61,S,2.66,3.75
20210324011115,22.60,99058.77,22.90,86.67,S,1.33,3.75
20210324011212,22.61,99061.22,22.88,86.72,SE,2.66,3.75
20210324011309,22.57,99066.22,22.88,86.72,S,1.33,3.75
20210324011406,22.56,99069.25,22.90,86.74,S,1.33,3.75
20210324011502,22.57,99074.16,22.90,86.72,SE,2.66,3.75
20210324011559,22.53,99074.91,22.87,86.69,SE,0.00,3.75
20210324011656,22.52,99075.64,22.83,86.77,SE,3.99,3.75
20210324011753,22.50,99077.96,22.82,86.88,E,2.66,3.75
20210324011850,22.49,99078.70,22.80,87.01,SE,2.66,3.75
20210324011952,22.48,99076.76,22.78,87.15,E,1.33,3.75
20210324012044,22.47,99075.53,22.76,87.28,SE,7.98,3.75
20210324012140,22.46,99081.90,22.76,87.38,SE,2.66,3.75
20210324012237,22.45,99083.17,22.75,87.41,E,1.33,3.75
20210324012334,22.44,99085.63,22.72,87.52,E,1.33,3.75
20210324012431,22.46,99091.42,22.68,87.57,E,1.33,3.75
20210324012528,22.41,99094.15,22.65,87.68,E,0.00,3.75
20210324012625,22.39,99096.45,22.61,87.89,E,0.00,3.75
20210324012721,22.38,99096.28,22.58,88.08,E,0.00,3.75
20210324012818,22.34,99097.23,22.55,88.22,E,0.00,3.75
20210324012915,22.32,99097.43,22.53,88.35,E,1.33,3.75
20210324013012,22.32,99100.25,22.50,88.40,E,1.33,3.75
20210324013109,22.27,99099.42,22.48,88.48,E,0.00,3.75
20210324013206,22.25,99100.88,22.46,88.64,E,1.33,3.75
20210324013302,22.23,99106.18,22.46,88.70,E,1.33,3.75
20210324013359,22.22,99107.79,22.44,88.70,E,1.33,3.75
20210324013456,22.20,99107.97,22.44,88.75,NE,2.66,3.75
20210324013553,22.19,99108.88,22.44,88.77,NE,1.33,3.75
20210324013650,22.18,99107.85,22.44,88.75,NE,1.33,3.75
20210324013747,22.16,99104.14,22.42,88.80,NE,1.33,3.75
20210324013843,22.17,99107.48,22.40,88.83,NE,0.00,3.75
20210324013940,22.13,99106.12,22.39,88.88,NE,0.00,3.75
20210324014037,22.11,99106.31,22.38,89.09,NE,1.33,3.75
20210324014134,22.10,99110.77,22.37,89.18,NE,0.00,3.75
20210324014231,22.07,99111.14,22.36,89.22,NE,1.33,3.75
20210324014328,22.06,99113.79,22.35,89.33,NE,0.00,3.75
20210324014425,22.03,99116.81,22.33,89.36,NE,0.00,3.75
20210324014521,22.00,99117.74,22.31,89.39,NE,0.00,3.75
20210324014618,21.99,99117.03,22.31,89.41,NE,0.00,3.75
20210324014715,21.97,99117.23,22.33,89.47,NE,0.00,3.75
20210324014813,21.97,99116.89,22.33,89.47,NE,0.00,3.75
20210324014909,21.97,99114.24,22.33,89.34,NE,0.00,3.75
20210324015006,21.97,99115.64,22.32,89.21,NE,0.00,3.75
20210324015103,21.93,99113.77,22.29,89.23,NE,0.00,3.75
20210324015159,21.91,99114.30,22.27,89.36,NE,0.00,3.75
20210324015300,21.89,99118.38,22.24,89.44,NE,0.00,3.75
20210324015353,21.87,99119.27,22.21,89.52,NE,0.00,3.75
20210324015450,21.84,99122.66,22.19,89.66,NE,0.00,3.75
20210324015547,21.85,99127.95,22.18,89.84,NE,0.00,3.75
20210324015644,21.85,99130.41,22.18,89.92,NE,0.00,3.75
20210324015741,21.80,99131.34,22.18,89.98,NE,0.00,3.75
20210324015837,21.81,99131.33,22.19,89.98,NE,0.00,3.75
20210324015934,21.81,99130.11,22.20,89.98,NE,0.00,3.75
20210324020031,21.82,99128.88,22.22,89.98,NE,0.00,3.75
20210324020128,21.82,99127.42,22.24,89.92,NE,0.00,3.75
20210324020225,21.82,99126.55,22.25,89.89,NE,0.00,3.75
20210324020321,21.87,99125.09,22.27,89.95,NE,0.00,3.75
20210324020419,21.83,99121.27,22.31,89.87,NE,0.00,3.75
20210324020515,21.84,99119.50,22.32,89.79,NE,0.00,3.75
20210324020612,21.85,99118.77,22.33,89.83,NE,0.00,3.75
20210324020709,21.86,99117.17,22.35,89.86,NE,0.00,3.75
20210324020806,21.88,99117.69,22.35,89.83,NE,0.00,3.75
20210324020903,21.90,99120.48,22.34,89.83,NE,0.00,3.75
20210324020959,21.90,99120.47,22.32,89.84,NE,0.00,3.75
20210324021056,21.90,99122.06,22.29,89.92,NE,0.00,3.75
20210324021153,21.90,99125.41,22.26,90.00,NE,0.00,3.75
20210324021250,21.93,99128.23,22.24,90.18,NE,0.00,3.75
20210324021347,21.87,99127.75,22.22,90.29,NE,0.00,3.75
20210324021444,21.86,99125.83,22.20,90.42,NE,0.00,3.75
20210324021541,21.85,99128.66,22.19,90.61,NE,0.00,3.75
20210324021637,21.84,99128.84,22.19,90.69,NE,0.00,3.75
20210324021734,21.84,99129.70,22.18,90.74,NE,0.00,3.75
20210324021831,21.84,99130.08,22.18,90.82,NE,0.00,3.75
20210324021928,21.88,99133.91,22.19,90.88,NE,0.00,3.75
20210324022025,21.84,99134.48,22.19,90.93,NE,0.00,3.75
20210324022121,21.84,99134.82,22.21,90.95,NE,0.00,3.75
20210324022218,21.84,99136.41,22.23,90.98,NE,0.00,3.75
20210324022315,21.89,99138.14,22.22,90.98,NE,0.00,3.75
20210324022412,21.89,99138.68,22.23,90.98,NE,0.00,3.75
20210324022509,21.86,99137.30,22.23,90.98,SE,0.00,3.75
20210324022606,21.86,99135.86,22.24,90.98,SE,0.00,3.75
20210324022703,21.86,99136.57,22.25,90.98,SE,0.00,3.75
20210324022759,21.87,99137.61,22.25,91.04,SE,0.00,3.75
20210324022856,21.87,99137.78,22.26,91.06,SE,0.00,3.75
20210324022953,21.88,99139.56,22.26,91.08,SE,0.00,3.75
20210324023050,21.93,99140.89,22.27,91.08,SE,1.33,3.75
20210324023147,21.89,99142.03,22.28,91.08,SE,2.66,3.75
20210324023243,21.91,99142.53,22.29,91.08,S,1.33,3.75
20210324023340,21.91,99142.70,22.31,91.08,S,1.33,3.75
20210324023437,21.95,99142.64,22.32,91.06,S,1.33,3.75
20210324023534,21.94,99143.19,22.33,91.01,SE,1.33,3.75
20210324023631,21.95,99141.78,22.34,91.03,SE,2.66,3.75
20210324023728,21.97,99143.00,22.34,91.01,S,0.00,3.75
20210324023824,21.96,99141.61,22.33,90.93,S,1.33,3.75
20210324023921,21.97,99138.95,22.31,90.93,S,0.00,3.75
20210324024018,21.97,99138.59,22.31,90.98,SE,2.66,3.75
20210324024115,21.97,99137.16,22.29,91.06,SE,1.33,3.75
20210324024212,21.98,99139.97,22.29,91.08,SE,0.00,3.75
20210324024309,21.98,99141.58,22.28,91.17,S,2.66,3.75
20210324024406,22.03,99144.52,22.31,91.22,SE,1.33,3.75
20210324024502,21.99,99142.78,22.31,91.24,S,0.00,3.75
20210324024559,22.00,99141.38,22.29,91.27,SE,1.33,3.75
20210324024656,22.01,99142.75,22.31,91.33,SE,1.33,3.75
20210324024753,22.02,99141.16,22.31,91.35,S,3.99,3.75
20210324024850,22.04,99141.52,22.31,91.35,S,2.66,3.75
20210324024947,22.06,99143.60,22.31,91.38,S,2.66,3.75
20210324025043,22.10,99145.32,22.31,91.38,S,1.33,3.75
20210324025140,22.07,99145.90,22.28,91.35,S,1.33,3.75
20210324025237,22.09,99147.11,22.29,91.35,S,2.66,3.75
20210324025334,22.09,99149.92,22.28,91.30,S,0.00,3.75
20210324025431,22.09,99150.97,22.28,91.33,S,1.33,3.75
20210324025528,22.09,99148.33,22.28,91.30,S,1.33,3.75
20210324025624,22.09,99148.67,22.27,91.27,S,0.00,3.75
20210324025721,22.13,99150.06,22.25,91.24,S,1.33,3.75
20210324025818,22.08,99147.14,22.24,91.24,S,1.33,3.75
20210324025915,22.08,99145.69,22.23,91.19,S,1.33,3.75
20210324030012,22.08,99144.30,22.22,91.19,S,1.33,3.75
20210324030109,22.08,99139.72,22.22,91.19,S,1.33,3.75
20210324030206,22.07,99138.66,22.22,91.14,S,1.33,3.75
20210324030302,22.07,99133.02,22.21,91.06,S,2.66,3.75
20210324030359,22.07,99127.53,22.19,91.01,S,1.33,3.75
20210324030456,22.06,99123.31,22.19,90.98,S,1.33,3.75
20210324030553,22.06,99117.67,22.19,91.04,S,1.33,3.75
20210324030650,22.06,99115.55,22.19,90.98,S,1.33,3.75
20210324030746,22.05,99110.81,22.20,90.98,S,0.00,3.75
20210324030843,22.05,99107.27,22.21,90.98,S,0.00,3.75
20210324030940,22.05,99104.64,22.21,90.95,S,0.00,3.75
20210324031037,22.09,99108.45,22.21,90.95,S,0.00,3.75
20210324031134,22.04,99106.25,22.21,90.88,S,1.33,3.75
20210324031231,22.04,99107.98,22.21,90.85,S,1.33,3.75
20210324031327,22.05,99109.56,22.22,90.79,S,1.33,3.75
20210324031424,22.05,99112.55,22.21,90.77,S,0.00,3.75
20210324031521,22.06,99112.38,22.20,90.79,S,0.00,3.75
20210324031618,22.06,99113.25,22.19,90.74,S,0.00,3.75
20210324031715,22.10,99115.34,22.18,90.72,S,0.00,3.75
20210324031812,22.05,99111.88,22.17,90.79,S,0.00,3.75
20210324031909,22.05,99108.34,22.14,90.87,S,0.00,3.75
20210324032005,22.05,99104.29,22.13,90.87,S,0.00,3.75
20210324032102,22.04,99102.88,22.14,90.90,S,0.00,3.75
20210324032200,22.05,99100.76,22.14,90.95,S,0.00,3.75
20210324032256,22.04,99100.05,22.17,90.98,S,0.00,3.75
20210324032353,22.04,99099.52,22.14,90.87,S,0.00,3.75
20210324032450,22.04,99098.98,22.13,90.87,S,0.00,3.75
20210324032547,22.04,99098.66,22.12,90.92,S,0.00,3.75
20210324032643,22.03,99099.02,22.13,90.98,S,0.00,3.75
20210324032740,22.03,99098.29,22.14,91.06,S,0.00,3.75
20210324032837,22.03,99097.94,22.17,91.08,S,0.00,3.75
20210324032934,22.04,99099.18,22.17,91.01,S,0.00,3.75
20210324033031,22.04,99098.81,22.17,91.08,S,0.00,3.75
20210324033128,22.06,99098.78,22.17,91.11,S,0.00,3.75
20210324033225,22.05,99097.72,22.18,91.08,S,0.00,3.75
20210324033321,22.06,99093.84,22.19,91.06,S,0.00,3.75
20210324033418,22.07,99092.42,22.19,91.04,S,0.00,3.75
20210324033516,22.07,99093.14,22.19,90.98,S,0.00,3.75
20210324033612,22.08,99092.09,22.18,91.01,S,0.00,3.75
20210324033709,22.08,99093.66,22.19,91.08,S,0.00,3.75
20210324033806,22.08,99094.20,22.19,91.11,S,0.00,3.75
20210324033902,22.09,99094.70,22.23,91.14,S,0.00,3.75
20210324033959,22.10,99095.03,22.26,91.06,S,1.33,3.75
20210324034056,22.12,99092.17,22.29,90.93,S,1.33,3.75
20210324034153,22.13,99093.59,22.34,90.76,S,2.66,3.75
20210324034250,22.15,99091.47,22.36,90.55,S,2.66,3.75
20210324034346,22.17,99089.86,22.37,90.45,S,1.33,3.75
20210324034443,22.18,99090.20,22.37,90.37,S,2.66,3.75
20210324034540,22.19,99092.14,22.36,90.34,S,0.00,3.75
20210324034637,22.19,99094.42,22.34,90.37,S,0.00,3.75
20210324034734,22.19,99094.77,22.34,90.26,S,1.33,3.75
20210324034831,22.20,99094.77,22.33,90.15,S,1.33,3.75
20210324034928,22.20,99095.28,22.33,90.02,S,3.99,3.75
20210324035024,22.19,99090.89,22.32,89.89,S,1.33,3.75
20210324035121,22.20,99087.34,22.33,89.84,S,1.33,3.75
20210324035218,22.22,99084.33,22.33,89.89,S,1.33,3.75
20210324035315,22.19,99080.83,22.33,89.89,S,0.00,3.75
20210324035412,22.20,99079.75,22.33,89.65,S,3.99,3.75
20210324035509,22.21,99081.68,22.37,89.52,S,1.33,3.75
20210324035605,22.21,99081.87,22.40,89.38,S,3.99,3.75
20210324035703,22.23,99082.72,22.42,89.33,S,1.33,3.75
20210324035759,22.23,99084.13,22.42,89.12,S,2.66,3.75
20210324035856,22.24,99083.23,22.43,89.04,S,1.33,3.75
20210324035953,22.25,99080.93,22.43,88.96,S,1.33,3.75
20210324040050,22.28,99081.05,22.44,88.80,S,2.66,3.75
20210324040146,22.26,99077.04,22.44,88.75,S,1.33,3.75
20210324040243,22.27,99074.91,22.46,88.67,S,1.33,3.75
20210324040340,22.30,99072.24,22.47,88.54,SE,1.33,3.75
20210324040437,22.28,99067.66,22.47,88.45,E,1.33,3.75
20210324040534,22.29,99065.87,22.47,88.40,E,1.33,3.75
20210324040631,22.32,99064.59,22.48,88.27,E,2.66,3.75
20210324040728,22.31,99061.80,22.47,88.19,SE,2.66,3.75
20210324040824,22.32,99058.42,22.47,88.16,SE,2.66,3.75
20210324040921,22.32,99060.38,22.47,88.22,E,2.66,3.75
20210324041018,22.33,99058.59,22.46,88.19,E,2.66,3.75
20210324041115,22.34,99055.22,22.46,88.14,E,1.33,3.75
20210324041212,22.35,99051.52,22.47,88.03,E,2.66,3.75
20210324041309,22.35,99052.90,22.48,88.03,E,2.66,3.75
20210324041406,22.36,99050.25,22.49,88.00,E,2.66,3.75
20210324041502,22.38,99049.72,22.49,87.98,E,2.66,3.75
20210324041559,22.38,99049.52,22.49,87.95,E,2.66,3.75
20210324041656,22.40,99050.91,22.48,87.87,E,0.00,3.75
20210324041753,22.41,99051.08,22.47,87.93,E,2.66,3.75
20210324041850,22.41,99051.78,22.47,88.06,E,0.00,3.75
20210324041947,22.42,99049.28,22.46,88.19,E,3.99,3.75
20210324042043,22.42,99045.23,22.44,88.35,E,1.33,3.75
20210324042140,22.42,99047.52,22.43,88.48,E,2.66,3.75
20210324042237,22.42,99042.58,22.40,88.72,E,5.32,3.75
20210324042334,22.42,99044.70,22.36,89.02,E,2.66,3.75
20210324042431,22.42,99042.56,22.32,89.23,E,1.33,3.75
20210324042528,22.41,99043.13,22.29,89.41,E,1.33,3.75
20210324042624,22.40,99044.73,22.27,89.52,E,3.99,3.75
20210324042721,22.38,99048.64,22.26,89.63,E,1.33,3.75
20210324042818,22.37,99049.53,22.24,89.71,SE,3.99,3.75
20210324042915,22.38,99050.56,22.23,89.82,SE,2.66,3.75
20210324043012,22.35,99049.06,22.24,89.89,SE,1.33,3.75
20210324043109,22.34,99046.94,22.24,89.98,SE,1.33,3.75
20210324043206,22.32,99047.66,22.24,89.82,S,3.99,3.75
20210324043302,22.31,99048.02,22.27,89.71,S,2.66,3.75
20210324043359,22.31,99046.78,22.28,89.63,S,1.33,3.75
20210324043456,22.31,99045.02,22.28,89.60,S,1.33,3.75
20210324043553,22.30,99044.00,22.29,89.60,S,1.33,3.75
20210324043650,22.30,99043.28,22.27,89.55,S,0.00,3.75
20210324043746,22.29,99045.41,22.28,89.52,S,2.66,3.75
20210324043843,22.28,99043.66,22.31,89.34,S,2.66,3.75
20210324043940,22.29,99039.94,22.32,89.26,S,2.66,3.75
20210324044037,22.29,99037.13,22.34,89.20,S,2.66,3.75
20210324044134,22.30,99033.94,22.37,89.09,SE,3.99,3.75
20210324044231,22.31,99031.95,22.37,88.91,SE,6.65,3.75
20210324044327,22.32,99032.47,22.36,89.02,SE,2.66,3.75
20210324044424,22.33,99031.94,22.36,89.04,E,1.33,3.75
20210324044521,22.33,99027.71,22.37,88.99,S,2.66,3.75
20210324044618,22.35,99026.98,22.35,89.02,SE,2.66,3.75
20210324044715,22.34,99029.30,22.34,89.07,E,2.66,3.75
20210324044812,22.34,99027.36,22.32,89.07,E,1.33,3.75
20210324044909,22.35,99028.54,22.29,89.15,E,0.00,3.75
20210324045005,22.32,99027.70,22.28,89.21,E,0.00,3.75
20210324045102,22.30,99026.53,22.26,89.28,E,0.00,3.75
20210324045159,22.29,99029.86,22.25,89.31,E,0.00,3.75
20210324045256,22.27,99027.78,22.23,89.36,E,0.00,3.75
20210324045353,22.26,99026.94,22.21,89.44,E,0.00,3.75
20210324045450,22.25,99027.63,22.19,89.52,E,0.00,3.75
20210324045546,22.23,99025.71,22.17,89.63,E,0.00,3.75
20210324045643,22.22,99024.86,22.13,89.68,E,0.00,3.75
20210324045740,22.23,99022.73,22.12,89.76,E,1.33,3.75
20210324045837,22.19,99020.66,22.12,89.73,E,2.66,3.75
20210324045934,22.18,99018.38,22.12,89.79,E,2.66,3.75
20210324050031,22.17,99016.08,22.12,89.76,SE,2.66,3.75
20210324050128,22.17,99013.63,22.12,89.73,SE,2.66,3.75
20210324050224,22.16,99008.69,22.13,89.73,SE,1.33,3.75
20210324050321,22.16,99008.70,22.11,89.73,E,1.33,3.75
20210324050418,22.15,99007.13,22.11,89.73,SE,2.66,3.75
20210324050515,22.15,99002.18,22.10,89.76,SE,3.99,3.75
20210324050612,22.14,98999.19,22.11,89.73,SE,1.33,3.75
20210324050709,22.13,98999.38,22.11,89.73,SE,1.33,3.75
20210324050805,22.12,98997.98,22.11,89.84,SE,1.33,3.75
20210324050902,22.11,99000.64,22.12,89.84,SE,2.66,3.75
20210324050959,22.10,98999.77,22.12,89.89,SE,1.33,3.75
20210324051056,22.10,98999.41,22.13,89.92,SE,0.00,3.75
20210324051153,22.10,98999.08,22.13,89.86,SE,0.00,3.75
20210324051250,22.14,99001.48,22.13,89.89,SE,1.33,3.75
20210324051346,22.08,99000.69,22.11,89.89,SE,0.00,3.75
20210324051443,22.07,99001.40,22.09,89.97,SE,0.00,3.75
20210324051540,22.06,99001.77,22.07,90.00,SE,0.00,3.75
20210324051637,22.04,99003.02,22.05,90.08,SE,0.00,3.75
20210324051734,22.03,99003.20,22.05,90.18,SE,0.00,3.75
20210324051831,22.02,99003.59,22.05,90.26,SE,0.00,3.75
20210324051927,22.01,99001.45,22.03,90.24,SE,0.00,3.75
20210324052024,22.00,98998.86,22.02,90.26,SE,0.00,3.75
20210324052121,21.99,98998.32,22.02,90.31,SE,0.00,3.75
20210324052218,21.99,98996.91,22.02,90.37,SE,0.00,3.75
20210324052315,21.98,98997.63,22.01,90.40,SE,0.00,3.75
20210324052412,21.98,98997.64,22.01,90.45,SE,0.00,3.75
20210324052508,21.98,98996.20,22.01,90.47,SE,0.00,3.75
20210324052605,21.97,98998.16,22.02,90.45,SE,0.00,3.75
20210324052702,21.98,98998.85,22.05,90.40,SE,0.00,3.75
20210324052759,21.98,98999.39,22.06,90.31,SE,0.00,3.75
20210324052856,21.98,98998.69,22.06,90.31,SE,0.00,3.75
20210324052953,21.99,98996.74,22.06,90.31,E,0.00,3.75
20210324053049,22.00,98998.86,22.06,90.37,E,0.00,3.75
20210324053146,22.00,98997.25,22.05,90.40,E,0.00,3.75
20210324053243,22.00,98995.67,22.05,90.42,E,0.00,3.75
20210324053340,22.00,98999.91,22.04,90.42,E,0.00,3.75
20210324053437,21.99,98994.63,22.04,90.45,E,0.00,3.75
20210324053534,22.00,98994.27,22.02,90.45,E,2.66,3.75
20210324053630,22.00,98994.63,22.01,90.53,E,2.66,3.75
20210324053727,21.99,98992.33,21.99,90.58,E,2.66,3.75
20210324053824,21.99,98991.27,21.98,90.61,E,1.33,3.75
20210324053921,21.99,98989.68,21.98,90.63,SE,3.99,3.75
20210324054018,21.99,98987.56,21.98,90.61,E,2.66,3.75
20210324054115,21.99,98985.97,22.01,90.63,E,2.66,3.75
20210324054212,21.99,98983.16,22.01,90.61,E,2.66,3.75
20210324054308,22.04,98984.14,21.99,90.61,E,1.33,3.75
20210324054405,21.99,98980.50,21.98,90.66,E,1.33,3.75
20210324054502,21.99,98980.16,21.97,90.72,E,1.33,3.75
20210324054559,21.99,98977.50,21.96,90.77,E,2.66,3.75
20210324054656,21.98,98974.52,21.96,90.77,E,1.33,3.75
20210324054753,21.98,98972.75,21.97,90.82,SE,5.32,3.75
20210324054849,21.98,98970.65,22.01,90.72,SE,3.99,3.75
20210324054946,22.03,98972.17,22.04,90.63,SE,1.33,3.75
20210324055043,21.98,98968.52,22.06,90.56,S,3.99,3.75
20210324055140,21.99,98967.81,22.08,90.47,SE,1.33,3.75
20210324055237,22.00,98967.44,22.10,90.37,S,3.99,3.75
20210324055334,22.01,98967.58,22.10,90.26,SE,3.99,3.75
20210324055430,22.01,98967.41,22.10,90.24,SE,1.33,3.75
20210324055527,22.02,98968.30,22.10,90.26,SE,1.33,3.75
20210324055624,22.02,98965.81,22.10,90.26,SE,3.99,3.75
20210324055721,22.01,98963.53,22.10,90.24,S,2.66,3.75
20210324055818,22.02,98961.60,22.08,90.24,E,5.32,3.75
20210324055915,22.03,98961.06,22.08,90.29,S,2.66,3.75
20210324060011,22.03,98960.17,22.07,90.34,SE,3.99,3.75
20210324060108,22.03,98960.36,22.08,90.42,SE,1.33,3.75
20210324060205,22.02,98958.23,22.08,90.40,SE,0.00,3.75
20210324060302,22.02,98956.99,22.07,90.45,SE,0.00,3.75
20210324060359,22.01,98959.13,22.07,90.45,S,3.99,3.75
20210324060456,22.02,98960.36,22.08,90.42,SE,2.66,3.75
20210324060552,22.02,98961.58,22.07,90.40,SE,2.66,3.75
20210324060649,22.02,98962.11,22.07,90.45,SE,1.33,3.75
20210324060746,22.02,98962.48,22.07,90.45,SE,1.33,3.75
20210324060843,22.01,98962.13,22.06,90.50,SE,1.33,3.75
20210324060940,22.01,98962.30,22.05,90.53,SE,2.66,3.75
20210324061036,22.05,98965.42,22.05,90.61,S,1.33,3.75
20210324061133,22.00,98963.56,22.05,90.61,S,1.33,3.75
20210324061230,22.00,98965.50,22.03,90.63,S,2.66,3.75
20210324061327,21.99,98964.98,22.02,90.69,SE,2.66,3.75
20210324061424,22.03,98965.47,22.01,90.77,SE,1.33,3.75
20210324061521,21.98,98964.83,21.98,90.85,SE,2.66,3.75
20210324061617,21.97,98965.34,21.98,90.95,S,1.33,3.75
20210324061714,21.97,98965.72,21.98,90.98,S,2.66,3.75
20210324061811,21.97,98965.19,21.96,91.04,S,2.66,3.75
20210324061908,21.95,98967.69,21.94,91.15,S,1.33,3.75
20210324062005,21.95,98967.68,21.93,91.25,SE,2.66,3.75
20210324062102,21.93,98968.38,21.92,91.36,SE,1.33,3.75
20210324062158,21.91,98965.79,21.92,91.49,E,1.33,3.75
20210324062255,21.91,98963.66,21.91,91.54,S,1.33,3.75
20210324062352,21.90,98964.73,21.91,91.62,S,2.66,3.75
20210324062449,21.90,98964.05,21.92,91.67,SE,1.33,3.75
20210324062546,21.88,98966.02,21.91,91.67,S,2.66,3.75
20210324062643,21.88,98966.35,21.92,91.70,S,1.33,3.75
20210324062739,21.87,98968.29,21.92,91.65,S,1.33,3.75
20210324062836,21.89,98972.16,21.91,91.65,S,1.33,3.75
20210324062933,21.89,98971.64,21.90,91.65,S,0.00,3.75
20210324063030,21.84,98972.59,21.89,91.72,SE,2.66,3.75
20210324063127,21.83,98971.89,21.88,91.80,S,1.33,3.75
20210324063224,21.82,98969.61,21.88,91.85,SE,1.33,3.75
20210324063320,21.81,98969.97,21.87,91.91,S,0.00,3.75
20210324063417,21.79,98964.17,21.84,91.99,SE,1.33,3.75
20210324063514,21.78,98960.14,21.83,92.12,SE,2.66,3.75
20210324063611,21.77,98960.86,21.85,92.21,S,3.99,3.75
20210324063708,21.81,98960.44,21.85,92.23,S,2.66,3.75
20210324063805,21.75,98958.91,21.85,92.23,S,1.33,3.75
20210324063901,21.75,98959.27,21.84,92.28,S,2.66,3.75
20210324063958,21.75,98959.47,21.85,92.34,SE,2.66,3.75
20210324064055,21.77,98961.91,21.85,92.34,SE,1.33,3.75
20210324064152,21.78,98964.20,21.85,92.31,SE,0.00,3.75
20210324064249,21.74,98961.08,21.84,92.34,SE,0.00,3.75
20210324064346,21.72,98965.13,21.82,92.39,SE,0.00,3.75
20210324064442,21.71,98964.97,21.81,92.53,SE,0.00,3.75
20210324064539,21.71,98967.60,21.81,92.61,SE,0.00,3.75
20210324064636,21.74,98968.11,21.79,92.64,SE,0.00,3.75
20210324064733,21.69,98966.23,21.79,92.79,SE,1.33,3.75
20210324064830,21.68,98964.47,21.79,92.87,SE,1.33,3.75
20210324064927,21.68,98965.54,21.77,92.92,SE,1.33,3.75
20210324065023,21.69,98965.71,21.77,93.01,SE,1.33,3.75
20210324065120,21.66,98964.88,21.77,93.09,SE,1.33,3.75
20210324065217,21.65,98962.93,21.78,93.17,E,2.66,3.75
20210324065314,21.66,98960.47,21.80,93.28,E,2.66,3.75
20210324065411,21.66,98961.51,21.83,93.37,SE,2.66,3.75
20210324065508,21.67,98959.00,21.85,93.37,SE,1.33,3.75
20210324065605,21.68,98958.49,21.88,93.31,SE,3.99,3.75
20210324065701,21.72,98961.09,21.90,93.25,SE,2.66,3.75
20210324065758,21.69,98961.81,21.93,93.14,SE,2.66,3.75
20210324065855,21.70,98963.57,21.94,93.00,SE,0.00,3.75
20210324065952,21.71,98966.20,21.94,93.00,SE,0.00,3.75
20210324070049,21.74,98971.13,21.94,93.03,SE,0.00,3.75
20210324070146,21.72,98967.95,21.93,93.06,SE,2.66,3.75
20210324070242,21.73,98969.54,21.91,93.14,SE,1.33,3.75
20210324070339,21.74,98967.61,21.90,93.14,SE,2.66,3.75
20210324070436,21.74,98966.17,21.87,93.17,S,2.66,3.75
20210324070533,21.73,98969.01,21.85,93.20,S,1.33,3.75
20210324070630,21.73,98967.08,21.83,93.25,S,2.66,3.75
20210324070727,21.73,98966.19,21.82,93.33,S,1.33,3.75
20210324070824,21.72,98963.91,21.80,93.31,S,1.33,3.75
20210324070920,21.72,98961.44,21.78,93.40,S,0.00,3.75
20210324071017,21.71,98959.50,21.76,93.48,S,0.00,3.75
20210324071114,21.70,98959.17,21.75,93.56,S,1.33,3.75
20210324071211,21.68,98962.35,21.74,93.65,S,0.00,3.75
20210324071307,21.68,98962.55,21.70,93.73,S,0.00,3.75
20210324071404,21.66,98961.52,21.69,93.84,S,1.33,3.75
20210324071501,21.67,98962.53,21.68,93.93,S,1.33,3.75
20210324071558,21.64,98954.64,21.68,94.04,SE,1.33,3.75
20210324071655,21.64,98949.17,21.70,94.12,S,3.99,3.75
20210324071752,21.63,98943.20,21.73,94.12,S,2.66,3.75
20210324071848,21.67,98937.69,21.76,94.01,E,2.66,3.75
20210324071945,21.65,98934.54,21.79,93.90,S,3.99,3.75
20210324072042,21.66,98933.30,21.82,93.78,SE,3.99,3.75
20210324072139,21.68,98941.21,21.84,93.62,SE,2.66,3.75
20210324072236,21.70,98946.48,21.84,93.47,SE,0.00,3.75
20210324072333,21.70,98954.77,21.85,93.45,S,1.33,3.75
20210324072429,21.71,98958.44,21.85,93.42,S,1.33,3.75
20210324072526,21.72,98960.89,21.87,93.42,SE,0.00,3.75
20210324072623,21.72,98959.14,21.85,93.42,SE,0.00,3.75
20210324072720,21.72,98960.02,21.85,93.39,S,0.00,3.75
20210324072817,21.72,98957.90,21.84,93.39,S,2.66,3.75
20210324072914,21.72,98960.20,21.84,93.37,S,0.00,3.75
20210324073010,21.76,98962.62,21.84,93.37,S,0.00,3.75
20210324073107,21.71,98960.73,21.83,93.37,S,0.00,3.75
20210324073204,21.70,98957.75,21.82,93.42,SE,0.00,3.75
20210324073301,21.70,98956.53,21.82,93.47,S,1.33,3.75
20210324073358,21.74,98957.54,21.81,93.45,S,1.33,3.75
20210324073455,21.69,98955.84,21.79,93.45,S,0.00,3.75
20210324073552,21.69,98957.08,21.80,93.53,SE,0.00,3.75
20210324073648,21.68,98956.89,21.79,93.53,SE,1.33,3.75
20210324073745,21.69,98955.84,21.78,93.56,S,1.33,3.75
20210324073842,21.67,98959.02,21.77,93.62,S,1.33,3.75
20210324073939,21.67,98959.36,21.75,93.65,S,0.00,3.75
20210324074036,21.66,98958.33,21.73,93.68,S,0.00,3.75
20210324074132,22.19,98966.13,21.72,93.73,S,1.33,3.75
20210324074230,21.96,98958.33,21.70,93.82,S,0.00,3.75
20210324074327,21.67,98958.13,21.69,93.87,S,0.00,3.75
20210324074424,21.64,98957.30,21.67,93.90,S,0.00,3.75
20210324074520,21.62,98960.84,21.66,93.90,S,0.00,3.75
20210324074617,21.60,98960.31,21.64,93.93,SE,0.00,3.75
20210324074714,21.59,98959.66,21.64,94.01,SE,0.00,3.75
20210324074810,21.57,98960.71,21.63,94.04,S,0.00,3.75
20210324074907,21.58,98964.25,21.62,94.04,S,0.00,3.75
20210324075004,21.54,98962.34,21.62,94.12,S,0.00,3.75
20210324075101,21.54,98963.94,21.63,94.15,S,0.00,3.75
20210324075158,21.54,98962.88,21.63,94.15,S,0.00,3.75
20210324075255,21.54,98964.99,21.63,94.15,S,0.00,3.75
20210324075351,21.54,98966.75,21.62,94.12,S,0.00,3.75
20210324075448,21.54,98967.29,21.62,94.10,S,0.00,3.75
20210324075545,21.54,98966.75,21.62,94.07,S,0.00,3.75
20210324075642,21.54,98967.81,21.62,94.07,S,0.00,3.75
20210324075739,21.53,98966.95,21.63,94.07,S,0.00,3.75
20210324075836,21.54,98968.52,21.63,94.12,S,0.00,3.75
20210324075932,21.53,98966.77,21.63,94.09,S,0.00,3.75
20210324080029,21.54,98968.34,21.61,94.01,S,0.00,3.75
20210324080126,21.55,98969.91,21.60,94.01,S,0.00,3.75
20210324080223,21.53,98970.98,21.60,94.07,S,0.00,3.75
20210324080320,21.51,98971.39,21.58,94.10,S,0.00,3.75
20210324080416,21.50,98972.78,21.59,94.12,S,0.00,3.75
20210324080513,21.47,98972.11,21.58,94.12,S,0.00,3.75
20210324080610,21.43,98971.11,21.59,94.15,S,0.00,3.75
20210324080707,21.42,98972.00,21.59,94.12,S,0.00,3.75
20210324080804,21.41,98971.65,21.58,94.07,S,0.00,3.75
20210324080901,21.39,98975.20,21.58,94.07,S,0.00,3.75
20210324080957,21.38,98976.08,21.57,94.10,S,0.00,3.75
20210324081054,21.37,98976.63,21.54,94.12,S,0.00,3.75
20210324081151,21.36,98975.94,21.52,94.12,S,0.00,3.75
20210324081248,21.34,98977.34,21.50,94.15,S,0.00,3.75
20210324081345,21.36,98977.33,21.48,94.23,S,0.00,3.75
20210324081442,21.35,98979.13,21.47,94.32,S,0.00,3.75
20210324081538,21.33,98980.17,21.47,94.29,S,0.00,3.75
20210324081635,21.29,98973.34,21.47,94.37,S,0.00,3.75
20210324081732,21.32,98981.45,21.45,94.43,SE,0.00,3.75
20210324081829,21.31,98982.49,21.44,94.43,S,0.00,3.75
20210324081926,21.26,98984.13,21.44,94.49,S,0.00,3.75
20210324082023,21.24,98983.59,21.44,94.54,S,0.00,3.75
20210324082119,21.24,98985.02,21.43,94.54,S,0.00,3.75
20210324082216,21.23,98986.45,21.42,94.54,S,0.00,3.75
20210324082313,21.24,98986.97,21.39,94.54,S,0.00,3.75
20210324082410,21.24,98988.88,21.39,94.57,S,0.00,3.75
20210324082507,21.23,98989.98,21.38,94.59,S,0.00,3.75
20210324082604,21.22,98991.38,21.38,94.68,S,0.00,3.75
20210324082700,21.24,98992.43,21.38,94.71,S,0.00,3.75
20210324082757,21.24,98994.02,21.38,94.71,S,0.00,3.75
20210324082854,21.20,98993.86,21.38,94.71,S,0.00,3.75
20210324082951,21.21,98992.61,21.38,94.71,S,0.00,3.75
20210324083048,21.20,98991.04,21.38,94.71,S,0.00,3.75
20210324083145,21.20,98991.22,21.38,94.68,S,0.00,3.75
20210324083241,21.21,98988.73,21.38,94.68,S,0.00,3.75
20210324083338,21.20,98985.56,21.38,94.65,S,0.00,3.75
20210324083435,21.19,98987.02,21.37,94.65,S,0.00,3.75
20210324083532,21.20,98987.00,21.37,94.68,S,0.00,3.75
20210324083629,21.20,98986.44,21.36,94.71,S,0.00,3.75
20210324083726,21.21,98987.86,21.36,94.71,S,0.00,3.75
20210324083822,21.20,98985.77,21.35,94.74,S,0.00,3.75
20210324083919,21.20,98986.66,21.34,94.76,S,0.00,3.75
20210324084016,21.19,98985.80,21.35,94.82,S,0.00,3.75
20210324084113,21.19,98987.02,21.35,94.88,S,0.00,3.75
20210324084210,21.21,98987.33,21.33,94.85,S,0.00,3.75
20210324084307,21.22,98985.58,21.34,94.88,S,0.00,3.75
20210324084403,21.21,98985.05,21.35,94.91,S,0.00,3.75
20210324084500,21.20,98985.42,21.37,94.93,S,0.00,3.75
20210324084557,21.21,98982.57,21.38,94.91,S,0.00,3.75
20210324084654,21.19,98981.72,21.39,94.82,S,0.00,3.75
20210324084751,21.21,98979.94,21.42,94.76,S,1.33,3.75
20210324084848,21.22,98981.35,21.48,94.79,S,2.66,3.75
20210324084944,21.23,98980.81,21.52,94.68,S,1.33,3.75
20210324085041,21.24,98981.13,21.55,94.54,SE,1.33,3.75
20210324085138,21.25,98983.96,21.58,94.40,SE,0.00,3.75
20210324085235,21.28,98983.77,21.57,94.29,SE,0.00,3.75
20210324085332,21.27,98986.59,21.57,94.23,SE,0.00,3.75
20210324085429,21.27,98988.54,21.58,94.23,SE,1.33,3.75
20210324085525,21.30,98988.84,21.58,94.18,SE,0.00,3.75
20210324085622,21.26,98988.01,21.58,94.20,SE,0.00,3.75
20210324085719,21.27,98988.52,21.59,94.18,SE,1.33,3.75
20210324085816,21.27,98989.59,21.58,94.12,SE,0.00,3.75
20210324085913,21.27,98990.30,21.57,94.10,SE,0.00,3.75
20210324090010,21.29,98992.72,21.55,94.15,SE,0.00,3.75
20210324090106,21.30,98990.96,21.55,94.23,SE,0.00,3.75
20210324090203,21.30,98990.08,21.58,94.35,SE,0.00,3.75
20210324090300,21.29,98991.85,21.59,94.37,SE,0.00,3.75
20210324090357,21.32,98991.80,21.60,94.35,SE,0.00,3.75
20210324090454,21.31,98992.53,21.60,94.35,E,0.00,3.75
20210324090550,21.32,98992.51,21.62,94.43,E,1.33,3.75
20210324090647,21.33,98992.86,21.63,94.51,E,0.00,3.75
20210324090744,21.36,98993.37,21.64,94.51,E,1.33,3.75
20210324090841,21.32,98993.04,21.64,94.51,E,1.33,3.75
20210324090938,21.34,98993.92,21.64,94.49,E,1.33,3.75
20210324091035,21.34,98995.32,21.65,94.51,E,0.00,3.75
20210324091131,21.35,98998.67,21.63,94.43,E,0.00,3.75
20210324091228,21.36,99002.17,21.62,94.43,E,0.00,3.75
20210324091325,21.37,99004.28,21.61,94.43,E,0.00,3.75
20210324091422,21.36,99006.73,21.62,94.54,E,0.00,3.75
20210324091519,21.32,99009.08,21.60,94.52,E,0.00,3.75
20210324091616,21.32,99011.53,21.59,94.60,E,2.66,3.75
20210324091712,21.32,99014.35,21.60,94.68,SE,2.66,3.75
20210324091809,21.32,99017.88,21.61,94.71,SE,1.33,3.75
20210324091906,21.34,99020.19,21.62,94.71,SE,1.33,3.75
20210324092003,21.34,99021.59,21.63,94.82,SE,6.65,3.75
20210324092100,21.36,99024.73,21.64,94.76,S,1.33,3.75
20210324092157,21.37,99028.24,21.64,94.68,S,0.00,3.75
20210324092253,21.33,99027.22,21.64,94.65,S,1.33,3.75
20210324092350,21.36,99034.09,21.63,94.60,S,0.00,3.75
20210324092447,21.35,99038.52,21.62,94.62,S,0.00,3.75
20210324092544,21.35,99040.27,21.61,94.65,S,1.33,3.75
20210324092641,21.35,99043.08,21.59,94.60,S,1.33,3.75
20210324092737,21.32,99044.32,21.57,94.60,S,1.33,3.75
20210324092834,21.32,99048.01,21.53,94.60,S,0.00,3.75
20210324092931,21.29,99048.59,21.51,94.65,S,1.33,3.75
20210324093028,21.27,99049.30,21.48,94.68,S,1.33,3.75
20210324093125,21.26,99049.66,21.45,94.68,S,1.33,3.75
20210324093222,21.25,99051.77,21.42,94.74,S,1.33,3.75
20210324093318,21.24,99054.29,21.40,94.82,S,1.33,3.75
20210324093415,21.22,99056.92,21.39,94.88,S,1.33,3.75
20210324093512,21.22,99062.55,21.39,94.93,S,0.00,3.75
20210324093609,21.22,99064.14,21.38,94.93,S,0.00,3.75
20210324093706,21.21,99067.48,21.38,94.99,S,0.00,3.75
20210324093802,21.18,99067.88,21.36,94.99,S,0.00,3.75
20210324093859,21.19,99072.45,21.34,95.04,S,0.00,3.75
20210324093956,21.13,99070.38,21.33,95.10,S,0.00,3.75
20210324094053,21.12,99068.28,21.33,95.13,S,0.00,3.75
20210324094150,21.11,99067.23,21.33,95.18,S,0.00,3.75
20210324094247,21.10,99068.83,21.33,95.26,S,0.00,3.75
20210324094343,21.10,99067.77,21.35,95.30,S,0.00,3.75
20210324094440,21.10,99069.17,21.34,95.26,S,0.00,3.75
20210324094537,21.13,99072.31,21.36,95.26,S,0.00,3.75
20210324094634,21.12,99077.24,21.34,95.21,S,0.00,3.75
20210324094731,21.14,99079.90,21.34,95.21,S,0.00,3.75
20210324094828,21.13,99081.46,21.35,95.21,S,0.00,3.75
20210324094924,21.15,99082.19,21.35,95.21,S,0.00,3.75
20210324095021,21.16,99080.95,21.34,95.16,S,0.00,3.75
20210324095118,21.16,99081.28,21.33,95.18,S,0.00,3.75
20210324095215,21.17,99080.58,21.35,95.26,S,0.00,3.75
20210324095312,21.14,99080.76,21.37,95.32,S,0.00,3.75
20210324095409,21.16,99078.81,21.42,95.38,S,2.66,3.75
20210324095505,21.19,99079.33,21.45,95.35,S,1.33,3.75
20210324095602,21.22,99082.83,21.49,95.33,S,2.66,3.75
20210324095659,21.25,99084.39,21.51,95.21,S,1.33,3.75
20210324095756,21.28,99085.39,21.51,95.16,S,1.33,3.75
20210324095853,21.29,99088.23,21.51,95.10,S,0.00,3.75
20210324095950,21.31,99089.98,21.52,95.10,S,1.33,3.75
20210324100046,21.33,99094.20,21.53,95.13,S,2.66,3.75
20210324100143,21.35,99095.95,21.55,95.13,S,1.33,3.75
20210324100240,21.37,99095.22,21.55,95.07,S,0.00,3.75
20210324100337,21.38,99097.14,21.55,95.04,S,1.33,3.75
20210324100434,21.40,99097.64,21.58,94.99,S,1.33,3.75
20210324100530,21.41,99096.41,21.59,94.96,S,1.33,3.75
20210324100627,21.44,99098.67,21.60,94.93,S,0.00,3.75
20210324100724,21.46,99098.67,21.60,94.93,S,0.00,3.75
20210324100821,21.49,99098.28,21.61,94.91,S,0.00,3.75
20210324100918,21.51,99099.00,21.60,94.88,S,0.00,3.75
20210324101015,21.54,99098.78,21.60,94.88,S,0.00,3.75
20210324101111,21.58,99097.17,21.60,94.88,SE,0.00,3.75
20210324101208,21.59,99101.88,21.59,94.88,S,0.00,3.75
20210324101305,21.63,99105.38,21.59,94.88,S,0.00,3.75
20210324101402,21.66,99106.98,21.59,94.91,S,0.00,3.75
20210324101459,21.69,99110.80,21.59,94.93,S,0.00,3.75
20210324101556,21.73,99114.11,21.59,94.93,SE,0.00,3.75
20210324101652,21.77,99116.72,21.59,94.96,SE,0.00,3.75
20210324101749,21.81,99118.98,21.61,95.01,S,0.00,3.75
20210324101846,21.87,99124.22,21.64,95.10,S,0.00,3.75
20210324101943,21.92,99128.59,21.66,95.07,S,0.00,3.75
20210324102040,21.97,99128.69,21.68,95.01,SE,0.00,3.75
20210324102137,22.03,99132.17,21.70,94.93,SE,0.00,3.75
20210324102233,22.07,99134.24,21.72,94.82,S,0.00,3.75
20210324102330,22.12,99135.80,21.72,94.65,S,0.00,3.75
20210324102427,22.16,99134.31,21.73,94.54,S,0.00,3.75
20210324102524,22.25,99136.87,21.73,94.46,SE,0.00,3.75
20210324102621,22.24,99135.98,21.70,94.40,SE,0.00,3.75
20210324102718,22.28,99134.91,21.70,94.40,S,0.00,3.75
20210324102814,22.32,99137.67,21.70,94.37,S,0.00,3.75
20210324102911,22.34,99139.25,21.72,94.37,S,0.00,3.75
20210324103008,22.39,99141.13,21.73,94.29,S,0.00,3.75
20210324103105,22.46,99145.45,21.74,94.23,S,0.00,3.75
20210324103202,22.49,99145.61,21.75,94.20,SE,0.00,3.75
20210324103259,22.55,99148.87,21.77,94.23,S,0.00,3.75
20210324103356,22.61,99151.78,21.78,94.17,S,0.00,3.75
20210324103452,22.66,99154.56,21.78,94.09,S,0.00,3.75
20210324103549,22.72,99155.38,21.80,94.04,S,0.00,3.75
20210324103646,22.83,99158.22,21.82,94.04,SE,0.00,3.75
20210324103743,22.84,99161.03,21.83,93.95,SE,0.00,3.75
20210324103840,22.90,99163.44,21.88,93.95,S,0.00,3.75
20210324103937,22.96,99167.23,21.91,93.89,S,0.00,3.75
20210324104034,23.01,99167.69,21.92,93.78,S,0.00,3.75
20210324104130,23.07,99170.64,21.94,93.64,S,0.00,3.75
20210324104227,23.11,99174.48,21.95,93.53,SE,0.00,3.75
20210324104324,23.16,99176.33,21.98,93.53,S,0.00,3.75
20210324104421,23.22,99179.44,21.98,93.41,S,0.00,3.75
20210324104518,23.27,99182.70,22.01,93.33,S,0.00,3.75
20210324104615,23.34,99184.00,22.02,93.24,S,0.00,3.75
20210324104711,23.39,99186.58,22.03,93.19,SE,0.00,3.75
20210324104808,23.45,99185.95,22.03,93.11,SE,0.00,3.75
20210324104905,23.52,99188.31,22.04,93.08,S,0.00,3.75
20210324105002,23.58,99190.88,22.05,93.08,S,0.00,3.75
20210324105059,23.66,99190.92,22.07,93.05,S,0.00,3.75
20210324105156,23.78,99193.89,22.09,92.97,S,0.00,3.75
20210324105253,23.81,99196.69,22.10,92.92,SE,0.00,3.75
20210324105349,23.91,99199.70,22.12,92.85,SE,0.00,3.75
20210324105450,23.99,99201.17,22.18,92.80,SE,0.00,3.75
20210324105544,24.07,99201.89,22.21,92.77,SE,0.00,3.75
20210324105640,24.15,99204.92,22.24,92.63,SE,0.00,3.75
20210324105737,24.25,99208.82,22.26,92.52,SE,0.00,3.75
20210324105834,24.35,99214.09,22.29,92.39,SE,2.66,3.75
20210324105931,24.43,99213.80,22.32,92.30,S,2.66,3.75
20210324110027,24.52,99211.45,22.34,92.28,SE,1.33,3.75
20210324110124,24.63,99214.45,22.38,92.23,S,0.00,3.75
20210324110221,24.83,99215.45,22.47,92.14,SE,0.00,3.75
20210324110318,25.17,99218.23,22.62,91.91,SE,2.66,3.75
20210324110415,25.76,99215.72,22.81,91.45,SE,1.33,3.75
20210324110512,26.52,99216.67,22.98,90.60,SE,1.33,3.75
20210324110609,27.37,99219.94,23.07,89.99,SE,1.33,3.75
20210324110706,28.01,99219.55,23.15,89.56,SE,2.66,3.75
20210324110802,28.52,99221.91,23.23,89.40,SE,1.33,3.75
20210324110859,29.05,99227.34,23.39,89.05,S,1.33,3.75
20210324110956,29.49,99229.45,23.54,88.60,SE,0.00,3.75
20210324111054,30.02,99230.92,23.68,87.84,SE,0.00,3.75
20210324111150,30.42,99235.38,23.70,87.47,SE,0.00,3.75
20210324111247,30.56,99239.17,23.61,87.25,SE,1.33,3.75
20210324111344,30.60,99239.02,23.64,87.47,SE,1.33,3.75
20210324111441,30.74,99242.78,23.70,87.28,SE,2.66,3.75
20210324111538,30.99,99245.31,23.79,87.36,S,0.00,3.75
20210324111634,31.33,99245.59,23.94,86.95,S,0.00,3.75
20210324111731,31.74,99248.39,24.11,86.58,SE,0.00,3.75
20210324111828,32.10,99247.20,24.21,85.80,S,0.00,3.75
20210324111925,32.37,99250.52,24.30,85.39,SE,0.00,3.75
20210324112022,32.58,99249.56,24.32,85.04,S,2.66,3.75
20210324112119,32.89,99255.19,24.31,84.61,S,2.66,3.75
20210324112216,33.24,99248.84,24.41,84.70,S,0.00,3.75
20210324112313,33.81,99246.80,24.60,84.26,S,1.33,3.75
20210324112410,34.54,99249.27,24.84,83.60,S,1.33,3.75
20210324112507,35.23,99251.45,25.03,82.79,S,1.33,3.75
20210324112604,35.79,99255.36,25.20,82.22,S,1.33,3.75
20210324112701,36.41,99255.39,25.40,81.56,S,1.33,3.75
20210324112757,37.15,99255.23,25.56,80.69,S,0.00,3.75
20210324112854,37.78,99259.56,25.80,80.07,S,0.00,3.75
20210324112951,38.42,99258.14,26.04,79.45,S,0.00,3.75
20210324113048,39.03,99255.02,26.19,78.65,S,0.00,3.75
20210324113145,39.54,99258.39,26.39,78.30,S,0.00,3.75
20210324113242,39.99,99256.75,26.42,77.24,S,1.33,3.75
20210324113339,40.41,99259.45,26.52,76.66,S,1.33,3.75
20210324113436,40.78,99260.36,26.55,76.66,S,1.33,3.75
20210324113533,41.15,99262.48,26.48,76.39,S,2.66,3.75
20210324113630,41.32,99263.91,26.46,76.80,S,1.33,3.75
20210324113727,41.58,99263.81,26.61,76.11,S,1.33,3.75
20210324113823,41.71,99266.86,26.39,75.17,E,2.66,3.75
20210324113920,41.71,99268.34,26.34,74.93,SE,5.32,3.75
20210324114017,41.53,99269.70,26.10,75.47,E,6.65,3.75
20210324114114,41.12,99275.70,26.01,76.38,E,2.66,3.75
20210324114211,40.80,99276.36,26.03,76.10,E,5.32,3.75
20210324114308,40.52,99277.15,26.03,75.88,E,1.33,3.75
20210324114405,40.39,99279.03,26.19,76.33,SE,1.33,3.75
20210324114501,40.49,99278.47,26.43,75.44,NE,2.66,3.75
20210324114558,40.73,99281.72,26.70,75.29,NE,0.00,3.75
20210324114655,41.01,99283.41,26.94,74.44,NE,1.33,3.75
20210324114752,41.32,99282.70,27.07,73.90,E,2.66,3.75
20210324114849,41.57,99282.81,27.00,73.76,NE,6.65,3.75
20210324114946,41.54,99282.92,26.79,73.83,E,5.32,3.75
20210324115043,41.44,99282.99,26.61,74.66,E,2.66,3.75
20210324115140,41.33,99281.34,26.58,75.10,N,2.66,3.75
20210324115237,41.28,99284.13,26.69,75.10,E,2.66,3.75
20210324115333,41.30,99284.00,26.82,74.89,E,1.33,3.75
20210324115430,41.46,99287.31,27.04,74.82,E,1.33,3.75
20210324115527,41.67,99288.22,27.15,74.20,N,0.00,3.75
20210324115624,41.83,99286.11,27.08,73.46,E,6.65,3.75
20210324115721,41.74,99289.67,26.86,73.57,SE,5.32,3.75
20210324115818,41.47,99288.34,26.82,74.07,E,6.65,3.75
20210324115915,41.16,99289.86,26.62,74.39,NE,6.65,3.75
20210324120012,40.77,99289.83,26.54,74.50,E,5.32,3.75
20210324120108,40.43,99290.33,26.54,74.88,E,3.99,3.75
20210324120205,40.19,99288.67,26.48,74.59,E,6.65,3.75
20210324120302,40.08,99288.16,26.60,74.74,E,3.99,3.75
20210324120359,40.06,99287.31,26.38,74.70,SE,6.65,3.75
20210324120456,40.02,99288.73,26.52,75.37,E,1.33,3.75
20210324120553,40.13,99283.72,26.70,74.99,E,3.99,3.75
20210324120650,40.20,99284.94,26.71,74.54,SE,5.32,3.75
20210324120747,40.14,99284.74,26.63,75.04,NE,2.66,3.75
20210324120843,40.14,99286.73,26.71,74.80,NE,2.66,3.75
20210324120940,40.25,99286.64,26.77,74.81,NE,3.99,3.75
20210324121037,40.33,99288.50,26.72,74.56,E,2.66,3.75
20210324121134,40.49,99289.61,26.87,74.71,E,2.66,3.75
20210324121231,40.74,99287.98,27.04,73.89,E,3.99,3.75
20210324121328,40.90,99287.22,27.02,73.78,E,6.65,3.75
20210324121425,41.02,99288.80,26.97,73.48,E,3.99,3.75
20210324121522,41.14,99290.25,27.05,73.78,E,3.99,3.75
20210324121619,41.30,99289.45,27.11,73.52,SE,2.66,3.75
20210324121715,41.47,99291.93,27.13,73.46,SE,3.99,3.75
20210324121812,41.55,99293.76,27.06,73.30,SE,6.65,3.75
20210324121909,41.55,99292.08,27.08,73.68,E,5.32,3.75
20210324122006,41.48,99294.80,27.05,73.70,NE,3.99,3.75
20210324122103,41.51,99293.22,27.15,73.46,E,2.66,3.75
20210324122200,41.69,99292.34,27.20,73.08,SE,2.66,3.75
20210324122257,41.97,99293.97,27.25,72.93,E,6.65,3.75
20210324122354,42.02,99292.00,27.20,73.06,E,3.99,3.75
20210324122451,42.08,99290.97,27.25,73.15,SE,5.32,3.75
20210324122547,42.06,99293.48,27.14,73.06,SE,3.99,3.75
20210324122644,42.02,99293.36,27.30,73.28,SE,3.99,3.75
20210324122741,42.05,99294.52,27.39,73.12,E,3.99,3.75
20210324122838,42.03,99294.14,27.26,72.74,E,3.99,3.75
20210324122935,41.97,99295.28,27.30,73.21,NE,2.66,3.75
20210324123032,42.12,99296.17,27.41,72.49,SE,7.98,3.75
20210324123129,42.17,99295.44,27.41,72.89,NE,3.99,3.75
20210324123226,42.45,99294.44,27.67,72.70,NE,3.99,3.75
20210324123323,42.76,99291.54,27.82,72.49,NE,2.66,3.75
20210324123420,43.09,99289.50,28.08,71.93,NE,1.33,3.75
20210324123517,43.44,99291.30,28.13,71.03,SE,3.99,3.75
20210324123613,43.66,99292.16,28.13,71.14,E,3.99,3.75
20210324123710,43.69,99293.61,28.10,70.94,E,3.99,3.75
20210324123807,43.64,99295.25,28.04,71.03,E,5.32,3.75
20210324123904,43.57,99295.24,28.11,71.00,E,1.33,3.75
20210324124001,43.67,99294.88,28.23,70.54,E,2.66,3.75
20210324124058,43.87,99295.17,28.34,70.08,SE,2.66,3.75
20210324124155,44.07,99293.58,28.30,69.86,SE,5.32,3.75
20210324124252,44.21,99291.27,28.24,70.18,E,5.32,3.75
20210324124349,44.33,99289.03,28.25,70.10,SE,2.66,3.75
20210324124445,44.53,99287.42,28.34,70.03,E,2.66,3.75
20210324124542,44.70,99287.66,28.47,70.26,NE,5.32,3.75
20210324124639,44.87,99285.94,28.53,69.43,NE,2.66,3.75
20210324124736,45.04,99288.45,28.56,69.23,NE,2.66,3.75
20210324124833,45.27,99286.84,28.83,69.14,NE,1.33,3.75
20210324124930,45.69,99287.15,29.20,68.44,NE,1.33,3.75
20210324125027,46.23,99287.05,29.52,67.63,SE,5.32,3.75
20210324125124,46.71,99289.73,29.71,66.17,E,2.66,3.75
20210324125221,47.04,99287.47,29.76,65.65,E,1.33,3.75
20210324125318,47.47,99287.86,29.90,65.24,NE,1.33,3.75
20210324125415,47.91,99286.33,30.17,65.12,NE,0.00,3.75
20210324125511,48.26,99284.91,30.27,64.78,NE,2.66,3.75
20210324125608,48.61,99283.30,30.31,63.98,N,5.32,3.75
20210324125706,48.62,99283.98,30.21,64.63,E,1.33,3.75
20210324125802,48.75,99285.38,30.53,64.25,NE,1.33,3.75
20210324125859,49.03,99283.37,30.71,63.55,NE,2.66,3.75
20210324125956,49.21,99283.17,30.64,62.66,E,3.99,3.75
20210324130053,49.35,99284.08,30.62,63.28,NE,3.99,3.75
20210324130150,49.13,99281.89,30.50,63.40,N,1.33,3.75
20210324130247,48.70,99279.61,30.51,63.51,N,2.66,3.75
20210324130344,48.25,99280.87,30.51,62.89,N,1.33,3.75
20210324130440,47.63,99281.36,30.20,62.89,N,3.99,3.75
20210324130537,46.93,99280.20,29.98,63.18,N,1.33,3.75
20210324130634,46.23,99277.38,29.76,63.67,W,2.66,3.75
20210324130731,45.45,99275.11,29.51,64.64,W,2.66,3.75
20210324130828,44.89,99275.48,29.51,65.82,W,1.33,3.75
20210324130924,44.83,99274.48,29.68,65.76,S,1.33,3.75
20210324131021,45.15,99274.89,29.92,65.15,SE,2.66,3.75
20210324131118,45.64,99275.70,30.19,64.27,E,1.33,3.75
20210324131215,46.24,99275.14,30.39,63.16,E,2.66,3.75
20210324131316,46.87,99274.72,30.51,62.69,E,1.33,3.75
20210324131410,47.58,99275.50,30.77,62.31,E,1.33,3.75
20210324131507,48.12,99276.25,31.10,61.49,E,1.33,3.75
20210324131604,48.81,99275.77,31.46,61.15,E,0.00,3.75
20210324131701,49.41,99279.70,31.78,60.11,NE,0.00,3.75
20210324131757,49.84,99273.70,31.58,59.28,NE,1.33,3.75
20210324131854,50.07,99272.79,31.48,59.08,NE,2.66,3.75
20210324131951,50.22,99271.52,31.52,59.25,SE,3.99,3.75
20210324132048,50.38,99271.13,31.55,58.67,E,1.33,3.75
20210324132145,50.62,99272.92,31.65,58.96,N,1.33,3.75
20210324132242,50.76,99274.24,31.34,58.72,N,2.66,3.75
20210324132339,50.76,99273.90,31.14,59.40,N,3.99,3.75
20210324132436,50.79,99272.75,31.11,59.72,N,0.00,3.75
20210324132533,50.89,99270.14,31.21,59.90,N,1.33,3.75
20210324132630,51.11,99269.58,31.40,59.43,N,2.66,3.75
20210324132727,51.36,99270.55,31.58,58.78,N,1.33,3.75
20210324132823,51.52,99271.31,31.79,58.37,N,1.33,3.75
20210324132921,51.69,99270.92,32.00,58.07,E,2.66,3.75
20210324133018,51.81,99272.44,31.98,57.45,N,3.99,3.75
20210324133114,51.81,99271.33,32.00,57.57,N,1.33,3.75
20210324133211,51.82,99268.95,32.09,57.19,N,1.33,3.75
20210324133308,51.92,99271.20,32.19,56.84,N,1.33,3.75
20210324133405,52.07,99270.45,32.17,56.98,N,2.66,3.75
20210324133502,52.22,99267.89,32.19,57.33,SE,2.66,3.75
20210324133559,52.36,99264.92,32.19,57.01,SE,2.66,3.75
20210324133656,52.38,99264.34,32.11,57.16,SE,3.99,3.75
20210324133753,52.21,99263.78,31.97,57.75,E,2.66,3.75
20210324133849,52.02,99262.70,32.12,58.46,E,0.00,3.75
20210324133946,51.92,99259.19,32.09,57.87,NE,3.99,3.75
20210324134043,51.87,99257.47,32.20,58.02,W,1.33,3.75
20210324134140,51.92,99258.95,32.31,57.57,W,0.00,3.75
20210324134237,52.16,99255.09,32.53,57.19,NE,3.99,3.75
20210324134334,52.34,99256.59,32.57,57.25,NE,1.33,3.75
20210324134431,52.54,99258.64,32.49,57.10,N,3.99,3.75
20210324134528,52.59,99257.31,32.41,56.48,W,3.99,3.75
20210324134624,52.47,99255.27,32.17,56.21,N,2.66,3.75
20210324134721,52.18,99252.67,32.07,56.45,SW,5.32,3.75
20210324134818,51.75,99256.45,31.97,57.42,W,1.33,3.75
20210324134915,51.35,99257.33,31.92,57.22,NE,2.66,3.75
20210324135012,50.96,99255.74,31.87,57.07,NE,2.66,3.75
20210324135109,50.78,99256.38,31.96,57.01,NE,1.33,3.75
20210324135206,50.82,99256.66,31.89,56.60,NE,3.99,3.75
20210324135303,50.79,99256.64,31.79,57.28,N,3.99,3.75
20210324135359,50.77,99253.80,31.79,57.39,E,1.33,3.75
20210324135456,50.88,99247.27,31.78,57.33,N,11.97,3.75
20210324135553,50.76,99251.16,31.71,57.51,NE,3.99,3.75
20210324135650,50.51,99251.77,31.70,57.77,W,2.66,3.75
20210324135747,50.42,99250.05,31.90,57.19,E,2.66,3.75
20210324135844,50.63,99251.55,31.79,56.68,E,2.66,3.75
20210324135941,50.86,99247.20,31.82,57.07,SE,1.33,3.75
20210324140038,51.23,99245.21,32.11,57.13,E,1.33,3.75
20210324140135,51.68,99246.38,32.29,56.18,N,6.65,3.75
20210324140232,51.81,99247.08,32.19,55.68,N,3.99,3.75
20210324140328,51.89,99247.43,32.33,55.53,N,1.33,3.75
20210324140425,52.05,99248.06,32.19,55.80,N,2.66,3.75
20210324140522,52.11,99245.68,32.08,56.42,NE,5.32,3.75
20210324140619,52.11,99244.28,32.14,56.51,N,2.66,3.75
20210324140716,52.38,99244.34,32.26,56.15,N,2.66,3.75
20210324140813,52.87,99245.77,32.42,55.80,N,3.99,3.75
20210324140910,52.66,99245.68,32.25,55.86,N,3.99,3.75
20210324141007,52.28,99242.72,32.17,56.10,N,5.32,3.75
20210324141103,51.76,99242.77,32.14,56.60,N,2.66,3.75
20210324141200,50.96,99241.50,32.02,56.98,W,5.32,3.75
20210324141257,50.22,99242.36,31.97,57.84,W,3.99,3.75
20210324141354,49.87,99240.52,31.97,58.01,W,6.65,3.75
20210324141451,49.73,99239.19,32.10,57.93,N,3.99,3.75
20210324141548,49.78,99237.74,32.05,58.01,N,3.99,3.75
20210324141645,49.65,99238.86,32.02,57.48,N,3.99,3.75
20210324141742,49.55,99239.94,32.00,57.72,N,2.66,3.75
20210324141838,49.15,99240.75,31.98,57.75,W,3.99,3.75
20210324141935,48.59,99241.09,32.00,57.63,W,2.66,3.75
20210324142032,48.05,99241.77,31.98,57.25,N,1.33,3.75
20210324142129,47.76,99241.56,31.88,57.87,N,2.66,3.75
20210324142226,47.63,99239.48,31.87,57.36,NE,5.32,3.75
20210324142323,47.55,99241.47,31.78,57.87,N,5.32,3.75
20210324142419,47.43,99238.78,31.70,57.66,N,1.33,3.75
20210324142516,47.31,99235.64,31.79,57.60,NE,2.66,3.75
20210324142613,47.30,99233.55,31.92,57.55,E,1.33,3.75
20210324142710,46.54,99241.73,32.12,57.04,SE,2.66,3.75
20210324142807,41.88,99248.77,32.26,56.68,N,5.32,3.75
20210324142903,41.40,99247.20,32.37,56.48,N,3.99,3.75
20210324143000,40.48,99245.47,32.34,56.03,W,3.99,3.75
20210324143057,41.22,99230.19,32.16,55.91,W,3.99,3.75
20210324143154,42.96,99231.30,32.08,56.36,N,5.32,3.75
20210324143251,44.49,99227.35,32.18,56.24,N,1.33,3.75
20210324143348,45.94,99223.71,32.45,56.00,N,2.66,3.75
20210324143445,47.09,99223.58,32.54,55.55,N,7.98,3.75
20210324143542,47.92,99223.75,32.54,55.23,N,5.32,3.75
20210324143639,48.53,99223.53,32.52,54.94,N,2.66,3.75
20210324143736,48.99,99223.83,32.39,54.88,N,2.66,3.75
20210324143833,49.49,99218.20,32.38,55.47,N,2.66,3.75
20210324143930,50.03,99215.75,32.57,55.47,W,1.33,3.75
20210324144027,50.50,99213.59,32.58,55.32,SE,6.65,3.75
20210324144124,50.64,99212.66,32.35,54.79,W,2.66,3.75
20210324144221,50.66,99214.28,32.32,55.36,N,7.98,3.75
20210324144318,50.48,99211.20,32.03,55.86,W,9.31,3.75
20210324144414,50.21,99211.88,32.15,56.42,N,3.99,3.75
20210324144511,50.17,99210.14,32.43,55.56,NW,5.32,3.75
20210324144608,50.25,99208.19,32.54,55.23,N,7.98,3.75
20210324144705,50.26,99208.41,32.68,55.38,W,6.65,3.75
20210324144802,50.25,99205.90,32.54,54.64,W,9.31,3.75
20210324144901,50.07,99204.16,32.40,54.85,NW,3.99,3.75
20210324144957,49.95,99203.23,32.45,54.73,W,7.98,3.75
20210324145054,49.84,99203.64,32.42,54.79,N,5.32,3.75
20210324145151,49.72,99202.20,32.42,54.32,W,6.65,3.75
20210324145248,49.63,99202.45,32.48,53.64,N,6.65,3.75
20210324145345,49.59,99199.21,32.53,53.58,SW,5.32,3.75
20210324145442,49.70,99200.14,32.72,53.75,N,3.99,3.75
20210324145539,49.81,99198.61,32.73,53.25,W,9.31,3.75
20210324145635,49.72,99194.48,32.58,53.14,W,10.64,3.75
20210324145732,49.52,99196.64,32.28,53.46,W,7.98,3.75
20210324145829,49.36,99196.09,32.20,53.88,N,2.66,3.75
20210324145926,49.39,99195.09,32.29,54.11,W,6.65,3.75
20210324150023,49.45,99195.81,32.43,53.88,N,5.32,3.75
20210324150120,49.44,99193.64,32.27,54.00,N,5.32,3.75
20210324150217,49.42,99193.20,32.22,54.20,N,2.66,3.75
20210324150314,49.58,99192.20,32.27,53.61,W,7.98,3.75
20210324150411,49.76,99190.64,32.33,53.64,W,3.99,3.75
20210324150507,49.93,99187.86,32.44,54.20,W,7.98,3.75
20210324150604,50.04,99188.39,32.61,54.40,NE,7.98,3.75
20210324150701,50.17,99187.90,32.70,54.13,NE,6.65,3.75
20210324150758,50.17,99186.55,32.73,54.61,E,2.66,3.75
20210324150855,50.25,99181.06,32.75,54.34,E,5.32,3.75
20210324150952,50.39,99179.94,32.97,54.64,N,1.33,3.75
20210324151052,50.82,99180.59,33.21,53.15,N,5.32,3.75
20210324151146,51.06,99180.22,32.96,52.71,N,9.31,3.75
20210324151243,51.08,99178.80,32.87,52.65,W,7.98,3.75
20210324151340,51.14,99179.81,32.99,52.65,W,2.66,3.75
20210324151437,51.35,99180.28,32.99,52.47,W,1.33,3.75
20210324151534,51.81,99178.70,33.32,52.65,E,1.33,3.75
20210324151631,52.33,99173.30,33.61,51.82,N,6.65,3.75
20210324151727,52.57,99171.34,33.57,52.20,N,3.99,3.75
20210324151825,52.62,99171.31,33.41,52.20,N,3.99,3.75
20210324151925,52.56,99168.83,33.45,52.11,E,7.98,3.75
20210324152018,52.56,99169.89,33.64,52.23,N,3.99,3.75
20210324152115,52.60,99166.09,33.67,51.52,W,2.66,3.75
20210324152212,52.57,99165.09,33.53,51.11,N,10.64,3.75
20210324152309,52.38,99166.12,33.37,51.87,W,3.99,3.75
20210324152406,52.24,99163.01,33.30,51.33,N,5.32,3.75
20210324152504,52.28,99160.48,33.44,52.14,N,5.32,3.75
20210324152559,52.24,99157.14,33.20,51.06,W,5.32,3.75
20210324152656,52.14,99156.95,33.19,51.40,W,3.99,3.75
20210324152753,52.15,99154.76,33.18,51.74,N,5.32,3.75
20210324152850,52.27,99154.23,33.32,52.14,N,3.99,3.75
20210324152947,52.39,99153.42,33.51,52.13,NE,3.99,3.75
20210324153044,52.60,99151.30,33.59,51.56,W,3.99,3.75
20210324153141,52.84,99149.18,33.59,51.69,NE,3.99,3.75
20210324153238,52.93,99146.86,33.74,51.30,W,7.98,3.75
20210324153335,52.95,99144.86,33.71,51.59,W,2.66,3.75
20210324153432,53.04,99143.42,33.76,51.62,E,1.33,3.75
20210324153528,53.37,99145.02,33.94,51.40,N,9.31,3.75
20210324153625,53.27,99144.70,33.74,51.30,N,5.32,3.75
20210324153722,53.03,99142.30,33.77,51.69,NE,5.32,3.75
20210324153819,52.82,99142.39,33.58,51.49,N,7.98,3.75
20210324153916,52.43,99143.36,33.40,52.24,NE,5.32,3.75
20210324154013,52.20,99139.95,33.50,52.26,E,1.33,3.75
20210324154110,52.20,99137.55,33.57,51.89,N,5.32,3.75
20210324154207,52.27,99138.42,33.83,51.69,NE,1.33,3.75
20210324154303,52.52,99137.48,34.09,51.43,N,1.33,3.75
20210324154400,52.71,99135.02,34.02,51.30,N,1.33,3.75
20210324154457,52.95,99132.77,34.16,50.72,W,5.32,3.75
20210324154554,53.13,99133.17,34.09,49.83,N,7.98,3.75
20210324154651,53.05,99129.95,34.05,50.00,W,3.99,3.75
20210324154748,53.11,99130.95,34.26,49.55,N,7.98,3.75
20210324154845,53.18,99130.28,34.31,49.27,N,5.32,3.75
20210324154942,53.24,99130.22,34.57,48.93,W,6.65,3.75
20210324155039,53.23,99128.48,34.24,48.36,E,9.31,3.75
20210324155135,52.97,99127.20,34.02,48.86,W,3.99,3.75
20210324155232,52.70,99125.87,33.80,49.40,N,6.65,3.75
20210324155329,52.46,99127.23,33.75,49.68,E,9.31,3.75
20210324155426,52.17,99127.22,33.67,50.50,N,6.65,3.75
20210324155526,51.89,99124.59,33.79,50.12,N,5.32,3.75
20210324155620,51.84,99125.56,33.92,49.94,W,3.99,3.75
20210324155717,51.78,99120.90,33.74,49.81,W,3.99,3.75
20210324155814,51.89,99119.14,33.67,49.89,W,7.98,3.75
20210324155910,51.86,99116.41,33.50,49.59,N,10.64,3.75
20210324160007,51.65,99117.95,33.55,49.55,NW,10.64,3.75
20210324160104,51.51,99120.50,33.68,50.16,N,2.66,3.75
20210324160201,51.44,99115.80,33.74,50.36,N,5.32,3.75
20210324160258,51.57,99114.66,33.87,49.87,NE,7.98,3.75
20210324160355,51.56,99113.13,33.73,48.96,N,7.98,3.75
20210324160452,51.48,99112.23,33.71,48.79,N,5.32,3.75
20210324160549,51.63,99108.90,34.01,48.82,E,5.32,3.75
20210324160645,52.03,99110.00,34.36,49.11,E,2.66,3.75
20210324160742,52.56,99106.77,34.57,47.12,N,2.66,3.75
20210324160839,52.86,99101.17,34.53,47.12,N,1.33,3.75
20210324160936,53.47,99097.52,34.65,47.08,NE,5.32,3.75
20210324161033,53.64,99102.02,34.57,46.43,W,7.98,3.75
20210324161130,53.58,99098.95,34.38,46.08,NE,3.99,3.75
20210324161227,53.58,99100.70,34.37,46.69,N,3.99,3.75
20210324161324,53.50,99098.47,34.37,46.08,N,6.65,3.75
20210324161421,53.33,99097.27,34.34,45.94,NE,3.99,3.75
20210324161518,53.32,99095.34,34.53,45.38,N,3.99,3.75
20210324161614,53.41,99093.38,34.56,44.74,N,9.31,3.75
20210324161712,53.44,99091.16,34.63,45.54,W,2.66,3.75
20210324161808,53.59,99089.14,34.80,45.40,W,5.32,3.75
20210324161905,53.87,99079.98,34.93,44.23,W,6.65,3.75
20210324162002,54.07,99079.09,35.14,43.61,NE,5.32,3.75
20210324162059,54.18,99076.98,35.14,44.59,N,3.99,3.75
20210324162157,54.12,99075.05,35.12,44.42,N,2.66,3.75
20210324162253,54.14,99075.69,35.01,44.77,N,3.99,3.75
20210324162350,54.02,99075.26,34.77,44.75,N,6.65,3.75
20210324162446,53.81,99077.53,34.59,44.56,N,7.98,3.75
20210324162543,53.64,99080.70,34.51,44.64,N,3.99,3.75
20210324162641,53.54,99074.27,34.57,44.33,N,2.66,3.75
20210324162737,53.70,99070.96,34.73,44.29,N,5.32,3.75
20210324162834,54.00,99067.06,34.99,44.47,N,2.66,3.75
20210324162931,54.30,99061.23,35.19,44.01,NW,1.33,3.75
20210324163028,54.62,99063.97,35.22,43.67,NE,5.32,3.75
20210324163125,54.53,99059.33,35.13,43.71,NE,2.66,3.75
20210324163222,54.31,99059.17,34.95,43.65,NE,5.32,3.75
20210324163319,54.10,99057.53,34.99,44.88,N,2.66,3.75
20210324163416,53.97,99057.10,34.98,45.08,NE,9.31,3.75
20210324163512,53.69,99058.73,34.83,44.48,NE,5.32,3.75
20210324163609,53.58,99056.63,34.82,44.75,W,3.99,3.75
20210324163706,53.59,99049.41,34.83,43.96,W,7.98,3.75
20210324163803,53.46,99053.75,34.80,44.03,N,10.64,3.75
20210324163900,53.27,99052.84,34.74,43.40,W,9.31,3.75
20210324163957,52.99,99047.34,34.73,43.16,NE,2.66,3.75
20210324164054,52.90,99048.45,34.69,43.50,N,3.99,3.75
20210324164150,53.00,99048.98,34.82,43.42,E,6.65,3.75
20210324164247,53.17,99043.42,34.88,42.91,W,7.98,3.75
20210324164344,53.20,99045.56,34.71,43.71,N,6.65,3.75
20210324164441,53.14,99045.06,34.82,43.35,N,3.99,3.75
20210324164538,53.09,99041.50,34.76,42.57,N,2.66,3.75
20210324164635,53.21,99040.05,34.82,43.15,NE,7.98,3.75
20210324164732,53.09,99036.58,34.77,43.73,E,7.98,3.75
20210324164829,52.89,99032.23,34.67,43.54,NE,6.65,3.75
20210324164926,52.64,99029.16,34.57,44.16,NE,5.32,3.75
20210324165023,52.43,99028.44,34.57,44.22,NE,3.99,3.75
20210324165119,52.34,99027.34,34.68,43.80,N,2.66,3.75
20210324165216,52.38,99024.05,34.75,43.19,N,2.66,3.75
20210324165313,52.60,99022.70,34.89,43.56,NE,3.99,3.75
20210324165410,52.91,99018.94,35.08,43.27,NE,2.66,3.75
20210324165507,53.30,99016.06,35.18,43.03,N,3.99,3.75
20210324165604,53.69,99010.55,35.30,42.64,W,5.32,3.75
20210324165701,53.90,99010.97,35.23,41.42,N,3.99,3.75
20210324165758,54.23,99005.99,35.36,41.61,N,2.66,3.75
20210324165855,54.67,99003.36,35.45,41.46,N,1.33,3.75
20210324165952,55.25,99001.13,35.55,41.50,NE,2.66,3.75
20210324170049,55.68,99000.48,35.69,41.89,NE,6.65,3.75
20210324170145,55.89,98998.94,35.85,41.26,NE,2.66,3.75
20210324170242,55.98,98994.08,35.97,40.88,E,3.99,3.75
20210324170339,56.05,98993.05,36.10,40.74,N,2.66,3.75
20210324170436,56.21,98991.70,36.07,40.81,E,3.99,3.75
20210324170533,56.11,98988.54,35.84,40.82,NE,7.98,3.75
20210324170630,55.75,98988.34,35.65,41.68,NE,2.66,3.75
20210324170727,55.56,98983.99,35.70,41.75,N,1.33,3.75
20210324170824,55.69,98981.52,35.79,40.96,NE,2.66,3.75
20210324170921,55.93,98976.91,35.90,40.89,E,3.99,3.75
20210324171018,56.14,98975.27,35.94,41.30,NE,2.66,3.75
20210324171115,56.32,98970.88,36.06,41.12,NE,2.66,3.75
20210324171211,56.50,98967.11,36.08,40.91,N,6.65,3.75
20210324171308,56.27,98963.47,35.73,40.83,NE,10.64,3.75
20210324171409,55.64,98964.35,35.45,41.67,N,6.65,3.75
20210324171502,55.18,98960.28,35.51,41.81,W,5.32,3.75
20210324171559,54.99,98960.75,35.69,41.62,W,2.66,3.75
20210324171656,55.10,98961.50,35.73,41.14,NE,6.65,3.75
20210324171753,55.18,98957.67,35.56,41.43,NE,3.99,3.75
20210324171850,55.11,98959.50,35.50,41.12,NE,9.31,3.75
20210324171946,54.76,98957.22,35.11,41.73,NE,5.32,3.75
20210324172044,54.48,98957.92,35.00,41.71,NE,1.33,3.75
20210324172140,54.60,98958.11,35.20,42.65,NE,3.99,3.75
20210324172237,54.91,98957.84,35.39,41.71,NE,5.32,3.75
20210324172334,55.08,98956.66,35.50,41.94,W,5.32,3.75
20210324172431,54.98,98958.66,35.53,41.70,N,6.65,3.75
20210324172528,54.62,98956.70,35.28,41.81,N,7.98,3.75
20210324172625,54.36,98956.60,35.08,42.42,N,9.31,3.75
20210324172721,54.20,98953.51,34.95,42.73,W,3.99,3.75
20210324172818,54.35,98950.91,35.12,42.68,NE,1.33,3.75
20210324172915,54.84,98949.64,35.43,41.74,NE,1.33,3.75
20210324173012,55.66,98946.88,35.81,41.26,NE,1.33,3.75
20210324173109,56.42,98945.50,36.03,40.91,NE,2.66,3.75
20210324173206,56.88,98940.67,36.37,40.99,W,5.32,3.75
20210324173303,57.02,98940.90,36.31,41.06,W,5.32,3.75
20210324173400,56.95,98937.61,36.02,41.29,N,5.32,3.75
20210324173457,56.70,98938.13,35.98,41.39,W,5.32,3.75
20210324173554,56.65,98938.19,36.03,41.05,W,6.65,3.75
20210324173650,56.63,98937.70,35.97,40.98,N,3.99,3.75
20210324173747,56.60,98934.74,35.78,41.45,NE,3.99,3.75
20210324173845,56.85,98928.53,35.93,41.30,S,3.99,3.75
20210324173941,57.21,98926.94,36.17,41.21,S,2.66,3.75
20210324174038,57.69,98922.97,36.41,40.61,SE,2.66,3.75
20210324174135,58.30,98918.75,36.34,40.37,W,5.32,3.75
20210324174232,58.63,98911.94,36.56,40.56,W,1.33,3.75
20210324174329,59.00,98908.64,36.88,40.09,W,3.99,3.75
20210324174426,59.17,98909.57,37.14,39.73,SE,3.99,3.75
20210324174523,59.29,98907.97,37.23,39.59,NW,2.66,3.75
20210324174620,59.40,98909.62,37.38,39.36,SW,3.99,3.75
20210324174717,59.38,98910.82,37.37,38.90,SW,2.66,3.75
20210324174814,58.98,98907.84,37.30,39.07,S,1.33,3.75
20210324174910,58.21,98913.02,37.26,38.59,S,2.66,3.75
20210324175007,56.96,98913.17,36.97,38.48,S,0.00,3.75
20210324175104,55.57,98913.86,36.80,39.28,NE,0.00,3.75
20210324175201,54.14,98913.52,36.59,39.50,N,2.66,3.75
20210324175257,52.68,98918.30,36.29,39.88,NE,3.99,3.75
20210324175354,51.50,98917.88,35.94,40.55,SW,3.99,3.75
20210324175451,50.40,98915.41,35.68,40.80,SW,2.66,3.75
20210324175548,49.39,98913.97,35.53,41.29,N,2.66,3.75
20210324175645,48.53,98909.15,35.37,41.44,N,2.66,3.75
20210324175741,47.71,98908.67,35.13,42.13,W,5.32,3.75
20210324175838,46.97,98909.42,34.91,42.87,W,3.99,3.75
20210324175935,46.24,98909.79,34.78,43.35,N,5.32,3.75
20210324180032,45.55,98906.24,34.62,43.61,N,6.65,3.75
20210324180129,44.93,98905.10,34.49,43.79,N,5.32,3.75
20210324180225,44.36,98901.78,34.37,43.90,N,3.99,3.75
20210324180322,43.85,98899.41,34.36,43.87,W,2.66,3.75
20210324180419,43.39,98896.06,34.27,44.07,NW,3.99,3.75
20210324180516,43.00,98894.30,34.17,44.35,W,6.65,3.75
20210324180613,42.58,98893.64,34.02,44.57,N,3.99,3.75
20210324180709,42.22,98894.24,34.01,44.40,W,2.66,3.75
20210324180806,41.99,98891.91,33.99,44.47,W,2.66,3.75
20210324180903,41.73,98888.23,34.01,44.26,W,1.33,3.75
20210324181000,41.53,98886.13,34.08,44.29,W,1.33,3.75
20210324181057,41.41,98882.60,34.17,44.32,W,1.33,3.75
20210324181154,41.40,98880.95,34.25,44.68,W,1.33,3.75
20210324181251,41.41,98879.33,34.27,44.68,N,3.99,3.75
20210324181351,41.47,98875.91,34.24,44.78,N,2.66,3.75
20210324181445,41.59,98873.54,34.27,45.12,N,1.33,3.75
20210324181541,41.78,98872.13,34.34,44.82,N,2.66,3.75
20210324181638,42.02,98869.27,34.42,44.57,N,2.66,3.75
20210324181735,42.20,98864.05,34.52,44.19,N,3.99,3.75
20210324181832,42.33,98857.73,34.35,44.03,W,5.32,3.75
20210324181929,42.40,98853.50,34.29,44.10,W,1.33,3.75
20210324182026,42.60,98849.56,34.34,43.80,W,3.99,3.75
20210324182123,42.76,98844.11,34.34,44.17,W,3.99,3.75
20210324182220,43.13,98844.55,34.39,44.71,N,3.99,3.75
20210324182317,43.36,98841.99,34.47,44.40,N,2.66,3.75
20210324182413,43.67,98839.28,34.51,43.92,W,6.65,3.75
20210324182510,43.82,98838.39,34.44,43.99,N,5.32,3.75
20210324182607,44.15,98837.48,34.59,44.32,N,5.32,3.75
20210324182704,44.87,98835.92,34.84,44.00,W,2.66,3.75
20210324182801,45.85,98836.08,35.06,43.89,W,1.33,3.75
20210324182858,47.05,98832.00,35.44,43.45,W,2.66,3.75
20210324182955,48.33,98831.16,35.54,42.39,W,3.99,3.75
20210324183052,49.35,98831.99,35.51,42.83,N,2.66,3.75
20210324183149,50.33,98830.68,35.70,42.95,N,2.66,3.75
20210324183246,51.36,98831.08,35.82,42.60,NE,2.66,3.75
20210324183343,52.12,98826.98,35.92,41.78,W,6.65,3.75
20210324183440,52.82,98827.22,35.65,41.52,W,5.32,3.75
20210324183537,53.31,98823.08,35.69,41.75,W,2.66,3.75
20210324183634,53.87,98823.64,35.90,42.23,NE,2.66,3.75
20210324183731,54.33,98825.23,35.96,42.18,NE,3.99,3.75
20210324183828,54.74,98823.45,36.24,42.23,NE,1.33,3.75
20210324183925,55.28,98825.96,36.52,40.97,N,2.66,3.75
20210324184022,55.86,98827.70,36.59,40.49,N,5.32,3.75
20210324184119,56.21,98828.17,36.27,40.42,W,3.99,3.75
20210324184216,56.40,98828.85,36.41,40.61,E,1.33,3.75
20210324184313,56.42,98829.00,36.55,40.74,SE,2.66,3.75
20210324184410,56.09,98830.92,36.75,40.35,E,0.00,3.75
20210324184506,55.64,98831.25,36.92,40.26,W,3.99,3.75
20210324184603,55.14,98829.42,36.64,40.05,W,3.99,3.75
20210324184700,54.59,98827.19,36.47,40.51,N,1.33,3.75
20210324184757,53.95,98825.67,36.52,40.91,SE,2.66,3.75
20210324184854,53.58,98825.80,36.63,40.84,SE,3.99,3.75
20210324184951,53.38,98828.50,36.48,40.94,SE,2.66,3.75
20210324185048,53.04,98830.92,36.43,41.29,S,1.33,3.75
20210324185144,52.56,98831.20,36.28,41.49,W,5.32,3.75
20210324185241,51.86,98843.05,36.10,42.07,W,2.66,3.75
20210324185338,51.17,98843.47,36.07,42.59,NE,1.33,3.75
20210324185435,50.51,98848.28,36.02,43.00,NE,2.66,3.75
20210324185532,49.91,98851.45,36.13,43.20,SE,1.33,3.75
20210324185629,49.43,98853.70,36.18,42.71,W,3.99,3.75
20210324185725,49.09,98851.92,36.09,42.45,NW,7.98,3.75
20210324185822,49.02,98850.17,36.10,42.52,W,3.99,3.75
20210324185919,49.41,98848.54,36.24,42.58,W,2.66,3.75
20210324190016,49.93,98843.38,36.26,42.30,W,6.65,3.75
20210324190113,50.32,98839.72,36.17,42.34,SE,2.66,3.75
20210324190210,50.64,98834.23,36.25,42.61,NW,1.33,3.75
20210324190307,50.91,98828.20,36.36,42.22,NW,3.99,3.75
20210324190404,51.05,98822.63,36.34,42.26,S,2.66,3.75
20210324190501,51.02,98817.05,36.32,42.60,W,3.99,3.75
20210324190558,50.81,98811.95,36.29,42.34,NW,3.99,3.75
20210324190654,50.46,98806.52,36.28,42.58,NW,3.99,3.75
20210324190751,50.02,98806.49,36.15,42.20,W,5.32,3.75
20210324190848,49.47,98801.96,35.86,42.39,W,3.99,3.75
20210324190945,49.15,98798.06,35.72,42.95,W,3.99,3.75
20210324191042,49.06,98798.22,35.60,43.06,W,7.98,3.75
20210324191138,48.95,98799.19,35.42,43.15,W,5.32,3.75
20210324191235,48.92,98799.33,35.51,43.75,SW,2.66,3.75
20210324191332,49.08,98797.90,35.71,44.01,W,1.33,3.75
20210324191429,49.26,98800.14,35.73,43.46,NW,6.65,3.75
20210324191526,49.13,98800.59,35.62,43.22,SW,5.32,3.75
20210324191623,48.96,98800.35,35.65,43.09,W,1.33,3.75
20210324191720,48.60,98799.02,35.58,43.31,W,2.66,3.75
20210324191817,48.16,98802.31,35.58,44.09,SE,3.99,3.75
20210324191913,47.91,98801.33,35.63,44.01,SE,1.33,3.75
20210324192010,48.05,98802.50,35.92,43.63,S,0.00,3.75
20210324192107,48.52,98802.58,36.09,43.06,S,2.66,3.75
20210324192204,49.05,98799.84,36.16,42.23,SE,1.33,3.75
20210324192301,49.58,98800.81,36.08,42.93,N,3.99,3.75
20210324192358,49.90,98801.86,35.94,42.90,W,3.99,3.75
20210324192455,49.99,98804.09,35.83,43.25,NW,5.32,3.75
20210324192552,49.95,98804.00,35.85,43.42,S,2.66,3.75
20210324192649,49.95,98804.51,35.98,43.72,S,3.99,3.75
20210324192746,50.08,98806.66,36.10,43.27,W,2.66,3.75
20210324192843,50.22,98806.06,36.15,43.02,NW,3.99,3.75
20210324192940,50.39,98809.65,36.27,42.95,W,3.99,3.75
20210324193037,50.65,98814.84,36.41,42.22,SE,2.66,3.75
20210324193133,51.00,98817.08,36.60,42.07,S,1.33,3.75
20210324193230,51.48,98818.88,36.74,41.71,NW,2.66,3.75
20210324193327,51.80,98819.03,36.75,41.48,NW,3.99,3.75
20210324193424,51.85,98823.70,36.60,41.56,W,3.99,3.75
20210324193521,51.90,98824.30,36.72,41.89,W,5.32,3.75
20210324193618,52.03,98827.55,36.66,41.41,W,7.98,3.75
20210324193715,51.92,98831.77,36.46,41.91,N,2.66,3.75
20210324193812,51.98,98833.63,36.63,42.00,W,1.33,3.75
20210324193909,52.13,98829.36,36.54,41.66,S,5.32,3.75
20210324194005,52.03,98833.38,36.34,42.05,N,3.99,3.75
20210324194102,52.00,98831.38,36.34,42.22,W,5.32,3.75
20210324194159,51.87,98830.05,36.15,41.93,W,5.32,3.75
20210324194256,51.55,98831.92,35.96,42.07,W,6.65,3.75
20210324194353,51.19,98829.00,35.94,42.12,W,3.99,3.75
20210324194450,50.82,98826.06,35.83,42.50,W,5.32,3.75
20210324194547,50.24,98826.30,35.68,43.19,W,5.32,3.75
20210324194643,49.63,98826.41,35.67,43.09,S,5.32,3.75
20210324194740,49.02,98822.45,35.65,43.43,SE,2.66,3.75
20210324194837,48.53,98822.27,35.69,43.53,S,3.99,3.75
20210324194934,48.31,98817.36,35.78,43.74,S,3.99,3.75
20210324195031,48.14,98819.62,35.68,45.10,S,7.98,3.75
20210324195128,47.79,98817.70,35.45,46.51,W,6.65,3.75
20210324195225,47.31,98817.93,35.16,47.46,W,5.32,3.75
20210324195321,46.64,98814.21,34.97,48.05,N,2.66,3.75
20210324195418,45.99,98818.20,34.88,48.19,W,3.99,3.75
20210324195515,45.39,98814.73,34.76,48.67,W,3.99,3.75
20210324195612,44.73,98813.88,34.59,48.95,N,3.99,3.75
20210324195709,44.06,98811.00,34.36,49.04,N,6.65,3.75
20210324195805,43.56,98811.13,34.18,49.69,N,5.32,3.75
20210324195902,42.97,98811.21,34.03,49.87,W,5.32,3.75
20210324195959,42.42,98810.63,33.92,50.24,W,3.99,3.75
20210324200056,41.89,98811.61,33.74,50.90,W,9.31,3.75
20210324200153,41.33,98814.95,33.53,52.10,N,7.98,3.75
20210324200250,40.87,98815.08,33.34,53.10,SE,6.65,3.75
20210324200346,40.40,98823.09,33.25,53.72,NW,3.99,3.75
20210324200443,39.92,98823.36,33.15,54.20,N,3.99,3.75
20210324200540,39.50,98825.76,33.12,54.49,W,3.99,3.75
20210324200637,39.12,98830.75,33.07,54.61,W,5.32,3.75
20210324200734,38.77,98828.15,32.98,54.55,N,9.31,3.75
20210324200831,38.46,98830.78,32.93,54.58,NW,6.65,3.75
20210324200927,38.17,98833.38,32.76,54.81,N,9.31,3.75
20210324201024,37.88,98838.48,32.59,54.97,W,5.32,3.75
20210324201121,37.57,98836.05,32.34,55.26,N,6.65,3.75
20210324201218,37.30,98839.78,32.20,55.71,W,6.65,3.75
20210324201315,37.03,98840.59,32.05,55.59,W,10.64,3.75
20210324201411,36.76,98841.05,31.96,55.74,W,5.32,3.75
20210324201508,36.52,98839.97,31.86,55.80,W,10.64,3.75
20210324201605,36.28,98837.47,31.76,55.86,SW,6.65,3.75
20210324201702,36.10,98835.65,31.63,56.10,W,6.65,3.75
20210324201759,35.88,98833.94,31.55,56.33,SW,5.32,3.75
20210324201856,35.71,98830.61,31.42,56.36,W,7.98,3.75
20210324201952,35.57,98833.98,31.28,56.57,SW,5.32,3.75
20210324202049,35.37,98831.70,31.14,56.98,SW,2.66,3.75
20210324202146,35.24,98834.16,31.09,57.01,SW,3.99,3.75
20210324202243,35.12,98830.18,31.05,56.19,SW,10.64,3.75
20210324202340,35.02,98837.92,31.01,55.89,SW,3.99,3.75
20210324202437,34.94,98838.00,30.95,55.86,W,5.32,3.75
20210324202534,34.83,98835.35,30.90,55.98,W,3.99,3.75
20210324202630,34.75,98838.69,30.85,56.10,W,2.66,3.75
20210324202727,34.68,98840.24,30.84,56.22,N,2.66,3.75
20210324202824,34.61,98841.83,30.86,56.30,N,1.33,3.75
20210324202921,34.55,98842.25,30.92,56.42,N,1.33,3.75
20210324203018,34.41,98845.03,30.93,55.71,W,2.66,3.75
20210324203115,34.34,98846.06,30.85,55.13,W,3.99,3.75
20210324203212,34.27,98849.25,30.77,54.98,SW,6.65,3.75
20210324203308,34.22,98850.34,30.64,55.07,W,3.99,3.75
20210324203405,34.17,98850.67,30.62,55.36,W,2.66,3.75
20210324203502,34.27,98853.39,30.61,55.51,W,5.32,3.75
20210324203559,34.05,98855.29,30.57,55.81,N,3.99,3.75
20210324203656,34.11,98853.98,30.54,55.68,W,3.99,3.75
20210324203753,33.98,98852.41,30.47,55.89,N,5.32,3.75
20210324203853,33.98,98851.09,30.40,55.89,N,3.99,3.75
20210324203947,33.88,98851.80,30.32,56.07,W,2.66,3.75
20210324204043,33.79,98853.49,30.30,56.39,W,1.33,3.75
20210324204140,33.57,98853.19,30.28,56.51,W,1.33,3.75
20210324204237,33.40,98853.44,30.25,56.71,N,2.66,3.75
20210324204334,33.30,98852.11,30.24,56.77,W,1.33,3.75
20210324204431,33.21,98851.20,30.19,56.84,SW,5.32,3.75
20210324204528,33.12,98845.35,30.10,56.95,SW,2.66,3.75
20210324204625,33.09,98842.86,30.10,57.28,W,1.33,3.75
20210324204721,33.19,98842.02,30.11,57.60,N,1.33,3.75
20210324204818,33.12,98840.31,30.04,57.48,N,1.33,3.75
20210324204915,33.14,98837.70,29.98,57.77,N,3.99,3.75
20210324205012,33.15,98838.83,29.91,57.45,N,6.65,3.75
20210324205109,33.14,98838.41,29.83,57.48,N,3.99,3.75
20210324205206,33.09,98840.16,29.78,57.71,W,3.99,3.75
20210324205303,33.02,98839.88,29.74,58.03,N,3.99,3.75
20210324205359,32.96,98839.00,29.75,57.95,W,3.99,3.75
20210324205456,32.91,98838.63,29.72,57.86,N,5.32,3.75
20210324205553,32.84,98838.88,29.70,57.83,N,2.66,3.75
20210324205650,32.76,98842.09,29.71,58.03,SW,3.99,3.75
20210324205747,32.65,98845.47,29.73,57.83,W,1.33,3.75
20210324205844,32.63,98847.41,29.75,57.80,N,2.66,3.75
20210324205941,32.52,98845.17,29.74,57.80,N,3.99,3.75
20210324210037,32.47,98844.42,29.71,57.51,W,5.32,3.75
20210324210134,32.44,98845.00,29.62,57.57,W,3.99,3.75
20210324210231,32.35,98843.36,29.57,57.89,W,3.99,3.75
20210324210328,32.34,98844.52,29.54,58.00,W,2.66,3.75
20210324210425,32.28,98845.09,29.53,57.98,W,2.66,3.75
20210324210522,32.23,98841.78,29.52,58.19,W,3.99,3.75
20210324210619,32.19,98839.66,29.52,58.45,W,1.33,3.75
20210324210715,32.11,98837.98,29.53,58.59,N,2.66,3.75
20210324210812,32.09,98837.09,29.54,58.57,N,2.66,3.75
20210324210909,32.06,98838.48,29.54,58.16,N,1.33,3.75
20210324211006,31.99,98836.94,29.53,58.33,N,1.33,3.75
20210324211103,31.99,98842.67,29.53,58.36,N,2.66,3.75
20210324211200,31.93,98842.64,29.54,58.39,N,1.33,3.75
20210324211257,31.89,98844.72,29.56,58.45,N,1.33,3.75
20210324211353,31.89,98846.16,29.58,58.54,N,1.33,3.75
20210324211450,31.84,98850.91,29.62,58.45,N,2.66,3.75
20210324211547,31.83,98852.04,29.63,58.48,N,1.33,3.75
20210324211644,31.85,98851.07,29.64,58.51,N,1.33,3.75
20210324211741,31.80,98853.54,29.64,58.80,N,1.33,3.75
20210324211838,31.78,98854.87,29.65,58.92,N,1.33,3.75
20210324211934,31.77,98856.69,29.65,59.03,NE,2.66,3.75
20210324212031,31.73,98857.50,29.64,59.16,NE,1.33,3.75
20210324212128,31.73,98857.29,29.64,59.06,NE,2.66,3.75
20210324212225,31.70,98858.40,29.66,59.12,NE,2.66,3.75
20210324212322,31.66,98860.92,29.66,59.09,NE,3.99,3.75
20210324212422,31.67,98861.38,29.66,58.68,NE,3.99,3.75
20210324212516,31.63,98863.42,29.64,59.03,NE,1.33,3.75
20210324212612,31.66,98863.28,29.66,59.00,NE,1.33,3.75
20210324212709,31.56,98867.56,29.68,59.19,NE,3.99,3.75
20210324212806,31.54,98866.88,29.70,59.06,NE,1.33,3.75
20210324212903,31.36,98866.41,29.72,58.95,NE,1.33,3.75
20210324213000,31.35,98867.19,29.75,58.83,NE,1.33,3.75
20210324213057,31.36,98866.20,29.75,58.77,NE,2.66,3.75
20210324213154,31.38,98865.02,29.73,58.74,NE,1.33,3.75
20210324213250,31.30,98863.53,29.71,58.77,NE,0.00,3.75
20210324213347,31.27,98864.06,29.64,58.54,NE,1.33,3.75
20210324213444,31.31,98863.45,29.58,58.51,NE,3.99,3.75
20210324213541,31.34,98864.56,29.53,58.83,NE,1.33,3.75
20210324213638,31.27,98863.70,29.50,59.09,NE,1.33,3.75
20210324213735,31.23,98862.50,29.47,59.03,NE,1.33,3.75
20210324213832,31.20,98862.70,29.43,58.92,NE,1.33,3.75
20210324213928,31.12,98863.11,29.39,59.01,NE,1.33,3.75
20210324214025,31.06,98859.63,29.37,59.06,NE,0.00,3.75
20210324214122,31.04,98857.44,29.35,59.12,NE,0.00,3.75
20210324214219,30.98,98856.19,29.34,59.24,NE,0.00,3.75
20210324214316,30.96,98852.54,29.31,59.35,NE,0.00,3.75
20210324214413,30.92,98853.46,29.31,59.35,NE,0.00,3.75
20210324214510,30.89,98854.34,29.32,59.44,NE,0.00,3.75
20210324214607,30.86,98856.63,29.32,59.68,NE,0.00,3.75
20210324214703,30.83,98859.66,29.35,59.62,NE,0.00,3.75
20210324214800,30.84,98863.03,29.37,59.51,NE,0.00,3.75
20210324214857,30.81,98865.16,29.38,59.41,NE,2.66,3.75
20210324214954,30.82,98866.55,29.37,59.38,NE,2.66,3.75
20210324215051,30.86,98868.13,29.35,59.51,N,3.99,3.75
20210324215158,30.82,98868.52,29.32,59.68,N,3.99,3.75
20210324215245,30.82,98868.84,29.31,59.77,N,2.66,3.75
20210324215342,30.79,98869.93,29.30,59.88,N,1.33,3.75
20210324215439,30.79,98870.65,29.29,60.00,N,2.66,3.75
20210324215535,30.69,98873.31,29.29,60.03,N,5.32,3.75
20210324215632,30.68,98875.32,29.27,59.97,SW,3.99,3.75
20210324215729,30.69,98875.25,29.24,60.09,SW,3.99,3.75
20210324215826,30.71,98879.66,29.23,60.18,S,3.99,3.75
20210324215923,30.69,98884.80,29.23,60.18,W,3.99,3.75
20210324220020,30.58,98888.57,29.22,60.18,W,2.66,3.75
20210324220116,30.59,98891.17,29.16,60.38,W,5.32,3.75
20210324220213,30.59,98893.67,29.11,60.61,W,2.66,3.75
20210324220310,30.59,98893.85,29.06,60.79,W,3.99,3.75
20210324220407,30.47,98897.13,28.99,60.88,N,3.99,3.75
20210324220504,30.47,98896.95,28.93,61.02,W,3.99,3.75
20210324220601,30.48,98895.14,28.89,60.73,N,2.66,3.75
20210324220658,30.37,98899.48,28.86,61.02,N,1.33,3.75
20210324220755,30.29,98897.71,28.83,60.88,N,2.66,3.75
20210324220851,30.23,98899.82,28.80,60.93,N,2.66,3.75
20210324220948,30.18,98901.67,28.80,60.79,N,2.66,3.75
20210324221045,30.13,98901.05,28.79,60.53,N,1.33,3.75
20210324221142,30.09,98906.59,28.77,60.53,N,1.33,3.75
20210324221239,30.06,98907.85,28.77,60.53,N,1.33,3.75
20210324221336,30.02,98908.19,28.77,60.67,N,1.33,3.75
20210324221433,30.00,98910.84,28.77,60.70,N,1.33,3.75
20210324221529,29.97,98913.47,28.79,60.12,N,1.33,3.75
20210324221626,29.95,98913.77,28.78,59.97,N,1.33,3.75
20210324221723,29.93,98914.38,28.78,60.02,N,0.00,3.75
20210324221820,29.91,98912.71,28.78,60.23,N,1.33,3.75
20210324221917,29.88,98913.90,28.79,59.94,N,1.33,3.75
20210324222014,29.86,98912.91,28.79,59.80,N,0.00,3.75
20210324222110,29.84,98911.93,28.78,59.67,N,0.00,3.75
20210324222207,29.83,98912.00,28.75,59.73,N,0.00,3.75
20210324222304,29.81,98912.47,28.73,60.00,N,0.00,3.75
20210324222401,29.79,98911.66,28.72,60.23,N,0.00,3.75
20210324222458,29.77,98913.92,28.72,60.38,N,0.00,3.75
20210324222555,29.77,98917.31,28.73,60.47,N,0.00,3.75
20210324222652,29.72,98919.50,28.75,60.70,N,0.00,3.75
20210324222748,29.70,98922.45,28.75,60.53,N,0.00,3.75
20210324222845,29.68,98922.92,28.74,60.53,N,0.00,3.75
20210324222942,29.65,98923.58,28.74,60.50,N,0.00,3.75
20210324223039,29.62,98925.87,28.74,60.38,N,0.00,3.75
20210324223136,29.55,98927.10,28.79,60.15,N,1.33,3.75
20210324223233,29.51,98928.04,28.85,59.91,N,1.33,3.75
20210324223330,29.48,98925.66,28.89,59.80,N,1.33,3.75
20210324223426,29.47,98924.66,28.91,59.53,N,2.66,3.75
20210324223523,29.46,98925.91,28.94,59.41,N,2.66,3.75
20210324223620,29.46,98924.48,28.98,59.32,N,1.33,3.75
20210324223718,29.46,98923.60,28.99,59.29,N,1.33,3.75
20210324223814,29.46,98926.63,29.00,59.32,N,0.00,3.75
20210324223911,29.47,98928.02,29.02,59.44,N,0.00,3.75
20210324224008,29.47,98928.19,29.03,59.50,N,0.00,3.75
20210324224104,29.47,98929.44,29.03,59.50,N,0.00,3.75
20210324224201,29.47,98931.95,29.01,59.21,N,0.00,3.75
20210324224258,29.46,98932.88,28.99,59.59,N,0.00,3.75
20210324224355,29.45,98935.06,28.99,59.65,N,0.00,3.75
20210324224452,29.44,98938.69,28.99,59.73,N,0.00,3.75
20210324224549,29.44,98942.80,29.01,60.09,N,0.00,3.75
20210324224646,29.44,98945.30,29.03,60.12,N,0.00,3.75
20210324224743,29.44,98951.19,29.03,59.85,N,0.00,3.75
20210324224839,29.45,98953.48,29.03,59.83,W,2.66,3.75
20210324224936,29.45,98957.55,28.98,60.23,W,5.32,3.75
20210324225033,29.45,98959.52,28.91,60.67,W,3.99,3.75
20210324225130,29.44,98962.43,28.86,60.85,W,7.98,3.75
20210324225227,29.43,98963.88,28.80,61.14,W,3.99,3.75
20210324225324,29.42,98965.58,28.73,61.23,SW,6.65,3.75
20210324225421,29.41,98964.91,28.68,61.43,W,1.33,3.75
20210324225517,29.39,98961.59,28.65,61.17,N,1.33,3.75
20210324225614,29.35,98962.99,28.64,61.28,N,1.33,3.75
20210324225711,29.30,98962.56,28.61,61.28,N,1.33,3.75
20210324225808,29.26,98964.33,28.61,61.14,N,0.00,3.75
20210324225905,29.24,98965.33,28.61,60.99,N,1.33,3.75
20210324230002,29.21,98964.72,28.60,61.02,N,0.00,3.75
20210324230059,29.18,98964.15,28.59,61.10,N,0.00,3.75
20210324230155,29.16,98963.55,28.59,60.96,N,0.00,3.75
20210324230252,29.14,98964.01,28.60,61.46,N,0.00,3.75
20210324230349,29.11,98963.73,28.64,61.49,N,0.00,3.75
20210324230446,29.11,98965.70,28.64,60.96,N,1.33,3.75
20210324230543,29.11,98963.91,28.64,60.96,N,0.00,3.75
20210324230640,29.10,98963.27,28.60,61.19,N,1.33,3.75
20210324230737,29.09,98966.16,28.60,61.02,N,0.00,3.75
20210324230834,29.08,98965.81,28.64,61.14,N,1.33,3.75
20210324230931,29.08,98964.95,28.65,61.14,N,1.33,3.75
20210324231027,29.04,98964.05,28.65,60.93,N,1.33,3.75
20210324231124,29.06,98969.69,28.67,60.79,N,2.66,3.75
20210324231221,29.07,98971.58,28.67,60.53,N,1.33,3.75
20210324231318,29.02,98971.11,28.67,60.53,N,1.33,3.75
20210324231415,29.02,98974.50,28.67,60.58,N,0.00,3.75
20210324231511,29.02,98975.93,28.67,60.90,N,1.33,3.75
20210324231608,29.02,98979.86,28.65,61.17,N,0.00,3.75
20210324231705,29.00,98982.75,28.65,61.58,N,1.33,3.75
20210324231802,28.99,98984.95,28.61,61.43,N,1.33,3.75
20210324231859,28.98,98989.67,28.59,61.51,N,1.33,3.75
20210324231956,28.97,98993.80,28.58,61.86,N,1.33,3.75
20210324232053,28.95,98996.73,28.56,61.99,N,1.33,3.75
20210324232149,28.93,99001.13,28.53,62.16,N,0.00,3.75
20210324232246,28.93,99004.51,28.50,61.99,N,1.33,3.75
20210324232343,28.89,99007.72,28.52,62.16,N,1.33,3.75
20210324232440,28.88,99010.27,28.52,62.34,N,1.33,3.75
20210324232537,28.88,99014.38,28.52,62.48,N,1.33,3.75
20210324232634,28.87,99017.05,28.49,62.48,N,1.33,3.75
20210324232731,28.86,99018.91,28.45,62.60,N,1.33,3.75
20210324232827,28.84,99022.55,28.41,62.92,N,1.33,3.75
20210324232924,28.82,99025.50,28.39,62.98,N,1.33,3.75
20210324233021,28.80,99031.10,28.34,63.00,N,0.00,3.75
20210324233118,28.77,99034.95,28.31,62.98,N,1.33,3.75
20210324233215,28.75,99036.83,28.28,63.00,N,1.33,3.75
20210324233312,28.72,99040.50,28.28,62.92,N,0.00,3.75
20210324233409,28.70,99045.23,28.27,63.00,N,0.00,3.75
20210324233506,28.68,99047.98,28.27,63.03,N,0.00,3.75
20210324233602,28.67,99049.83,28.28,63.00,N,0.00,3.75
20210324233659,28.67,99053.04,28.29,62.98,N,0.00,3.75
20210324233756,28.68,99058.17,28.29,62.95,N,0.00,3.75
20210324233853,28.70,99066.27,28.31,62.86,N,0.00,3.75
20210324233950,28.73,99080.80,28.34,62.57,E,6.65,3.75
20210324234047,28.75,99091.41,28.34,62.12,SE,3.99,3.75
20210324234144,28.76,99092.97,28.39,62.01,SE,3.99,3.75
20210324234241,28.76,99088.69,28.41,62.39,E,5.32,3.75
20210324234337,28.76,99086.02,28.43,62.60,SE,3.99,3.75
20210324234434,28.77,99082.20,28.46,62.57,SE,1.33,3.75
20210324234531,28.78,99083.06,28.48,62.66,SE,1.33,3.75
20210324234628,28.78,99082.70,28.48,62.69,SE,5.32,3.75
20210324234725,28.78,99081.81,28.50,62.77,SE,5.32,3.75
20210324234822,28.76,99081.73,28.53,62.89,SE,3.99,3.75
20210324234918,28.78,99076.64,28.55,63.15,E,3.99,3.75
20210324235015,28.79,99081.04,28.56,63.33,SE,3.99,3.75
20210324235112,28.75,99079.81,28.57,63.42,SE,2.66,3.75
20210324235209,28.72,99081.16,28.59,63.47,SE,3.99,3.75
20210324235306,28.70,99080.36,28.64,63.48,SE,6.65,3.75
20210324235403,28.71,99079.65,28.67,63.60,SE,5.32,3.75
20210324235459,28.73,99081.30,28.68,63.86,SE,3.99,3.75
20210324235556,28.73,99083.29,28.68,64.01,E,3.99,3.75
20210324235653,28.71,99084.58,28.67,64.21,SE,5.32,3.75
20210324235750,28.68,99087.63,28.67,64.30,SE,2.66,3.75
20210324235847,28.62,99088.92,28.65,64.34,E,2.66,3.75
20210324235944,28.57,99092.48,28.64,64.53,SE,1.33,3.75
